power,weight
60,100
61,101
62,102
63,103
64,104
65,105
66,106
67,107
68,108
69,109
70,110
71,111
72,112
73,113
74,114
75,115
76,116
77,117
78,118
79,119
80,120
81,121
82,122
83,123
84,124
85,125
86,126
87,127
88,128
89,129
90,130
91,131
92,132
93,133
94,134
95,135
96,136
97,137
98,138
99,139
100,140
101,141
102,142
103,143
104,144
105,145
106,146
107,147
108,148
109,149
110,150
111,151
112,152
113,153
114,154
115,155
116,156
117,157
118,158
119,159
120,160
121,161
122,162
123,163
124,164
125,165
126,166
127,167
128,168
129,169
130,170
131,171
132,172
133,173
134,174
135,175
136,176
137,177
138,178
139,179
140,180
141,181
142,182
143,183
144,184
145,185
146,186
147,187
148,188
149,189
150,190
151,191
152,192
153,193
154,194
155,195
156,196
157,197
158,198
159,199
160,200
161,201
162,202
163,203
164,204
165,205
166,206
167,207
168,208
169,209
170,210
171,211
172,212
173,213
174,214
175,215
176,216
177,217
178,218
179,219
180,220
181,221
182,222
183,223
184,224
185,225
186,226
187,227
188,228
189,229
190,230
191,231
192,232
193,233
194,234
195,235
196,236
197,237
198,238
199,239
200,240
201,241
202,242
203,243
204,244
205,245
206,246
207,247
208,248
209,249
210,250
211,251
212,252
213,253
214,254
215,255
216,256
217,257
218,258
219,259
220,260
221,261
222,262
223,263
224,264
225,265
226,266
227,267
228,268
229,269
230,270
231,271
232,272
233,273
234,274
235,275
236,276
237,277
238,278
239,279
240,280
241,281
242,282
243,283
244,284
245,285
246,286
247,287
248,288
249,289
250,290
251,291
252,292
253,293
254,294
255,295
256,296
257,297
258,298
259,299
260,300
261,301
262,302
263,303
264,304
265,305
266,306
267,307
268,308
269,309
270,310
271,311
272,312
273,313
274,314
275,315
276,316
277,317
278,318
279,319
280,320
281,321
282,322
283,323
284,324
285,325
286,326
287,327
288,328
289,329
290,330
291,331
292,332
293,333
294,334
295,335
296,336
297,337
298,338
299,339
300,340
301,341
302,342
303,343
304,344
305,345
306,346
307,347
308,348
309,349
310,350
311,351
312,352
313,353
314,354
315,355
316,356
317,357
318,358
319,359
320,360
321,361
322,362
323,363
324,364
325,365
326,366
327,367
328,368
329,369
330,370
331,371
332,372
333,373
334,374
335,375
336,376
337,377
338,378
339,379
340,380
341,381
342,382
343,383
344,384
345,385
346,386
347,387
348,388
349,389
350,390
351,391
352,392
353,393
354,394
355,395
356,396
357,397
358,398
359,399
360,400
361,401
362,402
363,403
364,404
365,405
366,406
367,407
368,408
369,409
370,410
371,411
372,412
373,413
374,414
375,415
376,416
377,417
378,418
379,419
380,420
381,421
382,422
383,423
384,424
385,425
386,426
387,427
388,428
389,429
390,430
391,431
392,432
393,433
394,434
395,435
396,436
397,437
398,438
399,439
400,440
401,441
402,442
403,443
404,444
405,445
406,446
407,447
408,448
409,449
410,450
411,451
412,452
413,453
414,454
415,455
416,456
417,457
418,458
419,459
420,460
421,461
422,462
423,463
424,464
425,465
426,466
427,467
428,468
429,469
430,470
431,471
432,472
433,473
434,474
435,475
436,476
437,477
438,478
439,479
440,480
441,481
442,482
443,483
444,484
445,485
446,486
447,487
448,488
449,489
450,490
451,491
452,492
453,493
454,494
455,495
456,496
457,497
458,498
459,499
460,500
461,501
462,502
463,503
464,504
465,505
466,506
467,507
468,508
469,509
470,510
471,511
472,512
473,513
474,514
475,515
476,516
477,517
478,518
479,519
480,520
481,521
482,522
483,523
484,524
485,525
486,526
487,527
488,528
489,529
490,530
491,531
492,532
493,533
494,534
495,535
496,536
497,537
498,538
499,539
500,540
501,541
502,542
503,543
504,544
505,545
506,546
507,547
508,548
509,549
510,550
511,551
512,552
513,553
514,554
515,555
516,556
517,557
518,558
519,559
520,560
521,561
522,562
523,563
524,564
525,565
526,566
527,567
528,568
529,569
530,570
531,571
532,572
533,573
534,574
535,575
536,576
537,577
538,578
539,579
540,580
541,581
542,582
543,583
544,584
545,585
546,586
547,587
548,588
549,589
550,590
551,591
552,592
553,593
554,594
555,595
556,596
557,597
558,598
559,599
560,600
561,601
562,602
563,603
564,604
565,605
566,606
567,607
568,608
569,609
570,610
571,611
572,612
573,613
574,614
575,615
576,616
577,617
578,618
579,619
580,620
581,621
582,622
583,623
584,624
585,625
586,626
587,627
588,628
589,629
590,630
591,631
592,632
593,633
594,634
595,635
596,636
597,637
598,638
599,639
600,640
601,641
602,642
603,643
604,644
605,645
606,646
607,647
608,648
609,649
610,650
611,651
612,652
613,653
614,654
615,655
616,656
617,657
618,658
619,659
620,660
621,661
622,662
623,663
624,664
625,665
626,666
627,667
628,668
629,669
630,670
631,671
632,672
633,673
634,674
635,675
636,676
637,677
638,678
639,679
640,680
641,681
642,682
643,683
644,684
645,685
646,686
647,687
648,688
649,689
650,690
651,691
652,692
653,693
654,694
655,695
656,696
657,697
658,698
659,699
660,700
661,701
662,702
663,703
664,704
665,705
666,706
667,707
668,708
669,709
670,710
671,711
672,712
673,713
674,714
675,715
676,716
677,717
678,718
679,719
680,720
681,721
682,722
683,723
684,724
685,725
686,726
687,727
688,728
689,729
690,730
691,731
692,732
693,733
694,734
695,735
696,736
697,737
698,738
699,739
700,740
701,741
702,742
703,743
704,744
705,745
706,746
707,747
708,748
709,749
710,750
711,751
712,752
713,753
714,754
715,755
716,756
717,757
718,758
719,759
720,760
721,761
722,762
723,763
724,764
725,765
726,766
727,767
728,768
729,769
730,770
731,771
732,772
733,773
734,774
735,775
736,776
737,777
738,778
739,779
740,780
741,781
742,782
743,783
744,784
745,785
746,786
747,787
748,788
749,789
750,790
751,791
752,792
753,793
754,794
755,795
756,796
757,797
758,798
759,799
760,800
761,801
762,802
763,803
764,804
765,805
766,806
767,807
768,808
769,809
770,810
771,811
772,812
773,813
774,814
775,815
776,816
777,817
778,818
779,819
780,820
781,821
782,822
783,823
784,824
785,825
786,826
787,827
788,828
789,829
790,830
791,831
792,832
793,833
794,834
795,835
796,836
797,837
798,838
799,839
800,840
801,841
802,842
803,843
804,844
805,845
806,846
807,847
808,848
809,849
810,850
811,851
812,852
813,853
814,854
815,855
816,856
817,857
818,858
819,859
820,860
821,861
822,862
823,863
824,864
825,865
826,866
827,867
828,868
829,869
830,870
831,871
832,872
833,873
834,874
835,875
836,876
837,877
838,878
839,879
840,880
841,881
842,882
843,883
844,884
845,885
846,886
847,887
848,888
849,889
850,890
851,891
852,892
853,893
854,894
855,895
856,896
857,897
858,898
859,899
860,900
861,901
862,902
863,903
864,904
865,905
866,906
867,907
868,908
869,909
870,910
871,911
872,912
873,913
874,914
875,915
876,916
877,917
878,918
879,919
880,920
881,921
882,922
883,923
884,924
885,925
886,926
887,927
888,928
889,929
890,930
891,931
892,932
893,933
894,934
895,935
896,936
897,937
898,938
899,939
900,940
901,941
902,942
903,943
904,944
905,945
906,946
907,947
908,948
909,949
910,950
911,951
912,952
913,953
914,954
915,955
916,956
917,957
918,958
919,959
920,960
921,961
922,962
923,963
924,964
925,965
926,966
927,967
928,968
929,969
930,970
931,971
932,972
933,973
934,974
935,975
936,976
937,977
938,978
939,979
940,980
941,981
942,982
943,983
944,984
945,985
946,986
947,987
948,988
949,989
950,990
951,991
952,992
953,993
954,994
955,995
956,996
957,997
958,998
959,999
960,1000
961,1001
962,1002
963,1003
964,1004
965,1005
966,1006
967,1007
968,1008
969,1009
970,1010
971,1011
972,1012
973,1013
974,1014
975,1015
976,1016
977,1017
978,1018
979,1019
980,1020
981,1021
982,1022
983,1023
984,1024
985,1025
986,1026
987,1027
988,1028
989,1029
990,1030
991,1031
992,1032
993,1033
994,1034
995,1035
996,1036
997,1037
998,1038
999,1039
1000,1040
1001,1041
1002,1042
1003,1043
1004,1044
1005,1045
1006,1046
1007,1047
1008,1048
1009,1049
1010,1050
1011,1051
1012,1052
1013,1053
1014,1054
1015,1055
1016,1056
1017,1057
1018,1058
1019,1059
1020,1060
1021,1061
1022,1062
1023,1063
1024,1064
1025,1065
1026,1066
1027,1067
1028,1068
1029,1069
1030,1070
1031,1071
1032,1072
1033,1073
1034,1074
1035,1075
1036,1076
1037,1077
1038,1078
1039,1079
1040,1080
1041,1081
1042,1082
1043,1083
1044,1084
1045,1085
1046,1086
1047,1087
1048,1088
1049,1089
1050,1090
1051,1091
1052,1092
1053,1093
1054,1094
1055,1095
1056,1096
1057,1097
1058,1098
1059,1099
1060,1100
1061,1101
1062,1102
1063,1103
1064,1104
1065,1105
1066,1106
1067,1107
1068,1108
1069,1109
1070,1110
1071,1111
1072,1112
1073,1113
1074,1114
1075,1115
1076,1116
1077,1117
1078,1118
1079,1119
1080,1120
1081,1121
1082,1122
1083,1123
1084,1124
1085,1125
1086,1126
1087,1127
1088,1128
1089,1129
1090,1130
1091,1131
1092,1132
1093,1133
1094,1134
1095,1135
1096,1136
1097,1137
1098,1138
1099,1139
1100,1140
1101,1141
1102,1142
1103,1143
1104,1144
1105,1145
1106,1146
1107,1147
1108,1148
1109,1149
1110,1150
1111,1151
1112,1152
1113,1153
1114,1154
1115,1155
1116,1156
1117,1157
1118,1158
1119,1159
1120,1160
1121,1161
1122,1162
1123,1163
1124,1164
1125,1165
1126,1166
1127,1167
1128,1168
1129,1169
1130,1170
1131,1171
1132,1172
1133,1173
1134,1174
1135,1175
1136,1176
1137,1177
1138,1178
1139,1179
1140,1180
1141,1181
1142,1182
1143,1183
1144,1184
1145,1185
1146,1186
1147,1187
1148,1188
1149,1189
1150,1190
1151,1191
1152,1192
1153,1193
1154,1194
1155,1195
1156,1196
1157,1197
1158,1198
1159,1199
1160,1200
1161,1201
1162,1202
1163,1203
1164,1204
1165,1205
1166,1206
1167,1207
1168,1208
1169,1209
1170,1210
1171,1211
1172,1212
1173,1213
1174,1214
1175,1215
1176,1216
1177,1217
1178,1218
1179,1219
1180,1220
1181,1221
1182,1222
1183,1223
1184,1224
1185,1225
1186,1226
1187,1227
1188,1228
1189,1229
1190,1230
1191,1231
1192,1232
1193,1233
1194,1234
1195,1235
1196,1236
1197,1237
1198,1238
1199,1239
1200,1240
1201,1241
1202,1242
1203,1243
1204,1244
1205,1245
1206,1246
1207,1247
1208,1248
1209,1249
1210,1250
1211,1251
1212,1252
1213,1253
1214,1254
1215,1255
1216,1256
1217,1257
1218,1258
1219,1259
1220,1260
1221,1261
1222,1262
1223,1263
1224,1264
1225,1265
1226,1266
1227,1267
1228,1268
1229,1269
1230,1270
1231,1271
1232,1272
1233,1273
1234,1274
1235,1275
1236,1276
1237,1277
1238,1278
1239,1279
1240,1280
1241,1281
1242,1282
1243,1283
1244,1284
1245,1285
1246,1286
1247,1287
1248,1288
1249,1289
1250,1290
1251,1291
1252,1292
1253,1293
1254,1294
1255,1295
1256,1296
1257,1297
1258,1298
1259,1299
1260,1300
1261,1301
1262,1302
1263,1303
1264,1304
1265,1305
1266,1306
1267,1307
1268,1308
1269,1309
1270,1310
1271,1311
1272,1312
1273,1313
1274,1314
1275,1315
1276,1316
1277,1317
1278,1318
1279,1319
1280,1320
1281,1321
1282,1322
1283,1323
1284,1324
1285,1325
1286,1326
1287,1327
1288,1328
1289,1329
1290,1330
1291,1331
1292,1332
1293,1333
1294,1334
1295,1335
1296,1336
1297,1337
1298,1338
1299,1339
1300,1340
1301,1341
1302,1342
1303,1343
1304,1344
1305,1345
1306,1346
1307,1347
1308,1348
1309,1349
1310,1350
1311,1351
1312,1352
1313,1353
1314,1354
1315,1355
1316,1356
1317,1357
1318,1358
1319,1359
1320,1360
1321,1361
1322,1362
1323,1363
1324,1364
1325,1365
1326,1366
1327,1367
1328,1368
1329,1369
1330,1370
1331,1371
1332,1372
1333,1373
1334,1374
1335,1375
1336,1376
1337,1377
1338,1378
1339,1379
1340,1380
1341,1381
1342,1382
1343,1383
1344,1384
1345,1385
1346,1386
1347,1387
1348,1388
1349,1389
1350,1390
1351,1391
1352,1392
1353,1393
1354,1394
1355,1395
1356,1396
1357,1397
1358,1398
1359,1399
1360,1400
1361,1401
1362,1402
1363,1403
1364,1404
1365,1405
1366,1406
1367,1407
1368,1408
1369,1409
1370,1410
1371,1411
1372,1412
1373,1413
1374,1414
1375,1415
1376,1416
1377,1417
1378,1418
1379,1419
1380,1420
1381,1421
1382,1422
1383,1423
1384,1424
1385,1425
1386,1426
1387,1427
1388,1428
1389,1429
1390,1430
1391,1431
1392,1432
1393,1433
1394,1434
1395,1435
1396,1436
1397,1437
1398,1438
1399,1439
1400,1440
1401,1441
1402,1442
1403,1443
1404,1444
1405,1445
1406,1446
1407,1447
1408,1448
1409,1449
1410,1450
1411,1451
1412,1452
1413,1453
1414,1454
1415,1455
1416,1456
1417,1457
1418,1458
1419,1459
1420,1460
1421,1461
1422,1462
1423,1463
1424,1464
1425,1465
1426,1466
1427,1467
1428,1468
1429,1469
1430,1470
1431,1471
1432,1472
1433,1473
1434,1474
1435,1475
1436,1476
1437,1477
1438,1478
1439,1479
1440,1480
1441,1481
1442,1482
1443,1483
1444,1484
1445,1485
1446,1486
1447,1487
1448,1488
1449,1489
1450,1490
1451,1491
1452,1492
1453,1493
1454,1494
1455,1495
1456,1496
1457,1497
1458,1498
1459,1499
1460,1500
1461,1501
1462,1502
1463,1503
1464,1504
1465,1505
1466,1506
1467,1507
1468,1508
1469,1509
1470,1510
1471,1511
1472,1512
1473,1513
1474,1514
1475,1515
1476,1516
1477,1517
1478,1518
1479,1519
1480,1520
1481,1521
1482,1522
1483,1523
1484,1524
1485,1525
1486,1526
1487,1527
1488,1528
1489,1529
1490,1530
1491,1531
1492,1532
1493,1533
1494,1534
1495,1535
1496,1536
1497,1537
1498,1538
1499,1539
1500,1540
1501,1541
1502,1542
1503,1543
1504,1544
1505,1545
1506,1546
1507,1547
1508,1548
1509,1549
1510,1550
1511,1551
1512,1552
1513,1553
1514,1554
1515,1555
1516,1556
1517,1557
1518,1558
1519,1559
1520,1560
1521,1561
1522,1562
1523,1563
1524,1564
1525,1565
1526,1566
1527,1567
1528,1568
1529,1569
1530,1570
1531,1571
1532,1572
1533,1573
1534,1574
1535,1575
1536,1576
1537,1577
1538,1578
1539,1579
1540,1580
1541,1581
1542,1582
1543,1583
1544,1584
1545,1585
1546,1586
1547,1587
1548,1588
1549,1589
1550,1590
1551,1591
1552,1592
1553,1593
1554,1594
1555,1595
1556,1596
1557,1597
1558,1598
1559,1599
1560,1600
1561,1601
1562,1602
1563,1603
1564,1604
1565,1605
1566,1606
1567,1607
1568,1608
1569,1609
1570,1610
1571,1611
1572,1612
1573,1613
1574,1614
1575,1615
1576,1616
1577,1617
1578,1618
1579,1619
1580,1620
1581,1621
1582,1622
1583,1623
1584,1624
1585,1625
1586,1626
1587,1627
1588,1628
1589,1629
1590,1630
1591,1631
1592,1632
1593,1633
1594,1634
1595,1635
1596,1636
1597,1637
1598,1638
1599,1639
1600,1640
1601,1641
1602,1642
1603,1643
1604,1644
1605,1645
1606,1646
1607,1647
1608,1648
1609,1649
1610,1650
1611,1651
1612,1652
1613,1653
1614,1654
1615,1655
1616,1656
1617,1657
1618,1658
1619,1659
1620,1660
1621,1661
1622,1662
1623,1663
1624,1664
1625,1665
1626,1666
1627,1667
1628,1668
1629,1669
1630,1670
1631,1671
1632,1672
1633,1673
1634,1674
1635,1675
1636,1676
1637,1677
1638,1678
1639,1679
1640,1680
1641,1681
1642,1682
1643,1683
1644,1684
1645,1685
1646,1686
1647,1687
1648,1688
1649,1689
1650,1690
1651,1691
1652,1692
1653,1693
1654,1694
1655,1695
1656,1696
1657,1697
1658,1698
1659,1699
1660,1700
1661,1701
1662,1702
1663,1703
1664,1704
1665,1705
1666,1706
1667,1707
1668,1708
1669,1709
1670,1710
1671,1711
1672,1712
1673,1713
1674,1714
1675,1715
1676,1716
1677,1717
1678,1718
1679,1719
1680,1720
1681,1721
1682,1722
1683,1723
1684,1724
1685,1725
1686,1726
1687,1727
1688,1728
1689,1729
1690,1730
1691,1731
1692,1732
1693,1733
1694,1734
1695,1735
1696,1736
1697,1737
1698,1738
1699,1739
1700,1740
1701,1741
1702,1742
1703,1743
1704,1744
1705,1745
1706,1746
1707,1747
1708,1748
1709,1749
1710,1750
1711,1751
1712,1752
1713,1753
1714,1754
1715,1755
1716,1756
1717,1757
1718,1758
1719,1759
1720,1760
1721,1761
1722,1762
1723,1763
1724,1764
1725,1765
1726,1766
1727,1767
1728,1768
1729,1769
1730,1770
1731,1771
1732,1772
1733,1773
1734,1774
1735,1775
1736,1776
1737,1777
1738,1778
1739,1779
1740,1780
1741,1781
1742,1782
1743,1783
1744,1784
1745,1785
1746,1786
1747,1787
1748,1788
1749,1789
1750,1790
1751,1791
1752,1792
1753,1793
1754,1794
1755,1795
1756,1796
1757,1797
1758,1798
1759,1799
1760,1800
1761,1801
1762,1802
1763,1803
1764,1804
1765,1805
1766,1806
1767,1807
1768,1808
1769,1809
1770,1810
1771,1811
1772,1812
1773,1813
1774,1814
1775,1815
1776,1816
1777,1817
1778,1818
1779,1819
1780,1820
1781,1821
1782,1822
1783,1823
1784,1824
1785,1825
1786,1826
1787,1827
1788,1828
1789,1829
1790,1830
1791,1831
1792,1832
1793,1833
1794,1834
1795,1835
1796,1836
1797,1837
1798,1838
1799,1839
1800,1840
1801,1841
1802,1842
1803,1843
1804,1844
1805,1845
1806,1846
1807,1847
1808,1848
1809,1849
1810,1850
1811,1851
1812,1852
1813,1853
1814,1854
1815,1855
1816,1856
1817,1857
1818,1858
1819,1859
1820,1860
1821,1861
1822,1862
1823,1863
1824,1864
1825,1865
1826,1866
1827,1867
1828,1868
1829,1869
1830,1870
1831,1871
1832,1872
1833,1873
1834,1874
1835,1875
1836,1876
1837,1877
1838,1878
1839,1879
1840,1880
1841,1881
1842,1882
1843,1883
1844,1884
1845,1885
1846,1886
1847,1887
1848,1888
1849,1889
1850,1890
1851,1891
1852,1892
1853,1893
1854,1894
1855,1895
1856,1896
1857,1897
1858,1898
1859,1899
1860,1900
1861,1901
1862,1902
1863,1903
1864,1904
1865,1905
1866,1906
1867,1907
1868,1908
1869,1909
1870,1910
1871,1911
1872,1912
1873,1913
1874,1914
1875,1915
1876,1916
1877,1917
1878,1918
1879,1919
1880,1920
1881,1921
1882,1922
1883,1923
1884,1924
1885,1925
1886,1926
1887,1927
1888,1928
1889,1929
1890,1930
1891,1931
1892,1932
1893,1933
1894,1934
1895,1935
1896,1936
1897,1937
1898,1938
1899,1939
1900,1940
1901,1941
1902,1942
1903,1943
1904,1944
1905,1945
1906,1946
1907,1947
1908,1948
1909,1949
1910,1950
1911,1951
1912,1952
1913,1953
1914,1954
1915,1955
1916,1956
1917,1957
1918,1958
1919,1959
1920,1960
1921,1961
1922,1962
1923,1963
1924,1964
1925,1965
1926,1966
1927,1967
1928,1968
1929,1969
1930,1970
1931,1971
1932,1972
1933,1973
1934,1974
1935,1975
1936,1976
1937,1977
1938,1978
1939,1979
1940,1980
1941,1981
1942,1982
1943,1983
1944,1984
1945,1985
1946,1986
1947,1987
1948,1988
1949,1989
1950,1990
1951,1991
1952,1992
1953,1993
1954,1994
1955,1995
1956,1996
1957,1997
1958,1998
1959,1999
1960,2000
1961,2001
1962,2002
1963,2003
1964,2004
1965,2005
1966,2006
1967,2007
1968,2008
1969,2009
1970,2010
1971,2011
1972,2012
1973,2013
1974,2014
1975,2015
1976,2016
1977,2017
1978,2018
1979,2019
1980,2020
1981,2021
1982,2022
1983,2023
1984,2024
1985,2025
1986,2026
1987,2027
1988,2028
1989,2029
1990,2030
1991,2031
1992,2032
1993,2033
1994,2034
1995,2035
1996,2036
1997,2037
1998,2038
1999,2039
2000,2040
2001,2041
2002,2042
2003,2043
2004,2044
2005,2045
2006,2046
2007,2047
2008,2048
2009,2049
2010,2050
2011,2051
2012,2052
2013,2053
2014,2054
2015,2055
2016,2056
2017,2057
2018,2058
2019,2059
2020,2060
2021,2061
2022,2062
2023,2063
2024,2064
2025,2065
2026,2066
2027,2067
2028,2068
2029,2069
2030,2070
2031,2071
2032,2072
2033,2073
2034,2074
2035,2075
2036,2076
2037,2077
2038,2078
2039,2079
2040,2080
2041,2081
2042,2082
2043,2083
2044,2084
2045,2085
2046,2086
2047,2087
2048,2088
2049,2089
2050,2090
2051,2091
2052,2092
2053,2093
2054,2094
2055,2095
2056,2096
2057,2097
2058,2098
2059,2099
2060,2100
2061,2101
2062,2102
2063,2103
2064,2104
2065,2105
2066,2106
2067,2107
2068,2108
2069,2109
2070,2110
2071,2111
2072,2112
2073,2113
2074,2114
2075,2115
2076,2116
2077,2117
2078,2118
2079,2119
2080,2120
2081,2121
2082,2122
2083,2123
2084,2124
2085,2125
2086,2126
2087,2127
2088,2128
2089,2129
2090,2130
2091,2131
2092,2132
2093,2133
2094,2134
2095,2135
2096,2136
2097,2137
2098,2138
2099,2139
2100,2140
2101,2141
2102,2142
2103,2143
2104,2144
2105,2145
2106,2146
2107,2147
2108,2148
2109,2149
2110,2150
2111,2151
2112,2152
2113,2153
2114,2154
2115,2155
2116,2156
2117,2157
2118,2158
2119,2159
2120,2160
2121,2161
2122,2162
2123,2163
2124,2164
2125,2165
2126,2166
2127,2167
2128,2168
2129,2169
2130,2170
2131,2171
2132,2172
2133,2173
2134,2174
2135,2175
2136,2176
2137,2177
2138,2178
2139,2179
2140,2180
2141,2181
2142,2182
2143,2183
2144,2184
2145,2185
2146,2186
2147,2187
2148,2188
2149,2189
2150,2190
2151,2191
2152,2192
2153,2193
2154,2194
2155,2195
2156,2196
2157,2197
2158,2198
2159,2199
2160,2200
2161,2201
2162,2202
2163,2203
2164,2204
2165,2205
2166,2206
2167,2207
2168,2208
2169,2209
2170,2210
2171,2211
2172,2212
2173,2213
2174,2214
2175,2215
2176,2216
2177,2217
2178,2218
2179,2219
2180,2220
2181,2221
2182,2222
2183,2223
2184,2224
2185,2225
2186,2226
2187,2227
2188,2228
2189,2229
2190,2230
2191,2231
2192,2232
2193,2233
2194,2234
2195,2235
2196,2236
2197,2237
2198,2238
2199,2239
2200,2240
2201,2241
2202,2242
2203,2243
2204,2244
2205,2245
2206,2246
2207,2247
2208,2248
2209,2249
2210,2250
2211,2251
2212,2252
2213,2253
2214,2254
2215,2255
2216,2256
2217,2257
2218,2258
2219,2259
2220,2260
2221,2261
2222,2262
2223,2263
2224,2264
2225,2265
2226,2266
2227,2267
2228,2268
2229,2269
2230,2270
2231,2271
2232,2272
2233,2273
2234,2274
2235,2275
2236,2276
2237,2277
2238,2278
2239,2279
2240,2280
2241,2281
2242,2282
2243,2283
2244,2284
2245,2285
2246,2286
2247,2287
2248,2288
2249,2289
2250,2290
2251,2291
2252,2292
2253,2293
2254,2294
2255,2295
2256,2296
2257,2297
2258,2298
2259,2299
2260,2300
2261,2301
2262,2302
2263,2303
2264,2304
2265,2305
2266,2306
2267,2307
2268,2308
2269,2309
2270,2310
2271,2311
2272,2312
2273,2313
2274,2314
2275,2315
2276,2316
2277,2317
2278,2318
2279,2319
2280,2320
2281,2321
2282,2322
2283,2323
2284,2324
2285,2325
2286,2326
2287,2327
2288,2328
2289,2329
2290,2330
2291,2331
2292,2332
2293,2333
2294,2334
2295,2335
2296,2336
2297,2337
2298,2338
2299,2339
2300,2340
2301,2341
2302,2342
2303,2343
2304,2344
2305,2345
2306,2346
2307,2347
2308,2348
2309,2349
2310,2350
2311,2351
2312,2352
2313,2353
2314,2354
2315,2355
2316,2356
2317,2357
2318,2358
2319,2359
2320,2360
2321,2361
2322,2362
2323,2363
2324,2364
2325,2365
2326,2366
2327,2367
2328,2368
2329,2369
2330,2370
2331,2371
2332,2372
2333,2373
2334,2374
2335,2375
2336,2376
2337,2377
2338,2378
2339,2379
2340,2380
2341,2381
2342,2382
2343,2383
2344,2384
2345,2385
2346,2386
2347,2387
2348,2388
2349,2389
2350,2390
2351,2391
2352,2392
2353,2393
2354,2394
2355,2395
2356,2396
2357,2397
2358,2398
2359,2399
2360,2400
2361,2401
2362,2402
2363,2403
2364,2404
2365,2405
2366,2406
2367,2407
2368,2408
2369,2409
2370,2410
2371,2411
2372,2412
2373,2413
2374,2414
2375,2415
2376,2416
2377,2417
2378,2418
2379,2419
2380,2420
2381,2421
2382,2422
2383,2423
2384,2424
2385,2425
2386,2426
2387,2427
2388,2428
2389,2429
2390,2430
2391,2431
2392,2432
2393,2433
2394,2434
2395,2435
2396,2436
2397,2437
2398,2438
2399,2439
2400,2440
2401,2441
2402,2442
2403,2443
2404,2444
2405,2445
2406,2446
2407,2447
2408,2448
2409,2449
2410,2450
2411,2451
2412,2452
2413,2453
2414,2454
2415,2455
2416,2456
2417,2457
2418,2458
2419,2459
2420,2460
2421,2461
2422,2462
2423,2463
2424,2464
2425,2465
2426,2466
2427,2467
2428,2468
2429,2469
2430,2470
2431,2471
2432,2472
2433,2473
2434,2474
2435,2475
2436,2476
2437,2477
2438,2478
2439,2479
2440,2480
2441,2481
2442,2482
2443,2483
2444,2484
2445,2485
2446,2486
2447,2487
2448,2488
2449,2489
2450,2490
2451,2491
2452,2492
2453,2493
2454,2494
2455,2495
2456,2496
2457,2497
2458,2498
2459,2499
2460,2500
2461,2501
2462,2502
2463,2503
2464,2504
2465,2505
2466,2506
2467,2507
2468,2508
2469,2509
2470,2510
2471,2511
2472,2512
2473,2513
2474,2514
2475,2515
2476,2516
2477,2517
2478,2518
2479,2519
2480,2520
2481,2521
2482,2522
2483,2523
2484,2524
2485,2525
2486,2526
2487,2527
2488,2528
2489,2529
2490,2530
2491,2531
2492,2532
2493,2533
2494,2534
2495,2535
2496,2536
2497,2537
2498,2538
2499,2539
2500,2540
2501,2541
2502,2542
2503,2543
2504,2544
2505,2545
2506,2546
2507,2547
2508,2548
2509,2549
2510,2550
2511,2551
2512,2552
2513,2553
2514,2554
2515,2555
2516,2556
2517,2557
2518,2558
2519,2559
2520,2560
2521,2561
2522,2562
2523,2563
2524,2564
2525,2565
2526,2566
2527,2567
2528,2568
2529,2569
2530,2570
2531,2571
2532,2572
2533,2573
2534,2574
2535,2575
2536,2576
2537,2577
2538,2578
2539,2579
2540,2580
2541,2581
2542,2582
2543,2583
2544,2584
2545,2585
2546,2586
2547,2587
2548,2588
2549,2589
2550,2590
2551,2591
2552,2592
2553,2593
2554,2594
2555,2595
2556,2596
2557,2597
2558,2598
2559,2599
2560,2600
2561,2601
2562,2602
2563,2603
2564,2604
2565,2605
2566,2606
2567,2607
2568,2608
2569,2609
2570,2610
2571,2611
2572,2612
2573,2613
2574,2614
2575,2615
2576,2616
2577,2617
2578,2618
2579,2619
2580,2620
2581,2621
2582,2622
2583,2623
2584,2624
2585,2625
2586,2626
2587,2627
2588,2628
2589,2629
2590,2630
2591,2631
2592,2632
2593,2633
2594,2634
2595,2635
2596,2636
2597,2637
2598,2638
2599,2639
2600,2640
2601,2641
2602,2642
2603,2643
2604,2644
2605,2645
2606,2646
2607,2647
2608,2648
2609,2649
2610,2650
2611,2651
2612,2652
2613,2653
2614,2654
2615,2655
2616,2656
2617,2657
2618,2658
2619,2659
2620,2660
2621,2661
2622,2662
2623,2663
2624,2664
2625,2665
2626,2666
2627,2667
2628,2668
2629,2669
2630,2670
2631,2671
2632,2672
2633,2673
2634,2674
2635,2675
2636,2676
2637,2677
2638,2678
2639,2679
2640,2680
2641,2681
2642,2682
2643,2683
2644,2684
2645,2685
2646,2686
2647,2687
2648,2688
2649,2689
2650,2690
2651,2691
2652,2692
2653,2693
2654,2694
2655,2695
2656,2696
2657,2697
2658,2698
2659,2699
2660,2700
2661,2701
2662,2702
2663,2703
2664,2704
2665,2705
2666,2706
2667,2707
2668,2708
2669,2709
2670,2710
2671,2711
2672,2712
2673,2713
2674,2714
2675,2715
2676,2716
2677,2717
2678,2718
2679,2719
2680,2720
2681,2721
2682,2722
2683,2723
2684,2724
2685,2725
2686,2726
2687,2727
2688,2728
2689,2729
2690,2730
2691,2731
2692,2732
2693,2733
2694,2734
2695,2735
2696,2736
2697,2737
2698,2738
2699,2739
2700,2740
2701,2741
2702,2742
2703,2743
2704,2744
2705,2745
2706,2746
2707,2747
2708,2748
2709,2749
2710,2750
2711,2751
2712,2752
2713,2753
2714,2754
2715,2755
2716,2756
2717,2757
2718,2758
2719,2759
2720,2760
2721,2761
2722,2762
2723,2763
2724,2764
2725,2765
2726,2766
2727,2767
2728,2768
2729,2769
2730,2770
2731,2771
2732,2772
2733,2773
2734,2774
2735,2775
2736,2776
2737,2777
2738,2778
2739,2779
2740,2780
2741,2781
2742,2782
2743,2783
2744,2784
2745,2785
2746,2786
2747,2787
2748,2788
2749,2789
2750,2790
2751,2791
2752,2792
2753,2793
2754,2794
2755,2795
2756,2796
2757,2797
2758,2798
2759,2799
2760,2800
2761,2801
2762,2802
2763,2803
2764,2804
2765,2805
2766,2806
2767,2807
2768,2808
2769,2809
2770,2810
2771,2811
2772,2812
2773,2813
2774,2814
2775,2815
2776,2816
2777,2817
2778,2818
2779,2819
2780,2820
2781,2821
2782,2822
2783,2823
2784,2824
2785,2825
2786,2826
2787,2827
2788,2828
2789,2829
2790,2830
2791,2831
2792,2832
2793,2833
2794,2834
2795,2835
2796,2836
2797,2837
2798,2838
2799,2839
2800,2840
2801,2841
2802,2842
2803,2843
2804,2844
2805,2845
2806,2846
2807,2847
2808,2848
2809,2849
2810,2850
2811,2851
2812,2852
2813,2853
2814,2854
2815,2855
2816,2856
2817,2857
2818,2858
2819,2859
2820,2860
2821,2861
2822,2862
2823,2863
2824,2864
2825,2865
2826,2866
2827,2867
2828,2868
2829,2869
2830,2870
2831,2871
2832,2872
2833,2873
2834,2874
2835,2875
2836,2876
2837,2877
2838,2878
2839,2879
2840,2880
2841,2881
2842,2882
2843,2883
2844,2884
2845,2885
2846,2886
2847,2887
2848,2888
2849,2889
2850,2890
2851,2891
2852,2892
2853,2893
2854,2894
2855,2895
2856,2896
2857,2897
2858,2898
2859,2899
2860,2900
2861,2901
2862,2902
2863,2903
2864,2904
2865,2905
2866,2906
2867,2907
2868,2908
2869,2909
2870,2910
2871,2911
2872,2912
2873,2913
2874,2914
2875,2915
2876,2916
2877,2917
2878,2918
2879,2919
2880,2920
2881,2921
2882,2922
2883,2923
2884,2924
2885,2925
2886,2926
2887,2927
2888,2928
2889,2929
2890,2930
2891,2931
2892,2932
2893,2933
2894,2934
2895,2935
2896,2936
2897,2937
2898,2938
2899,2939
2900,2940
2901,2941
2902,2942
2903,2943
2904,2944
2905,2945
2906,2946
2907,2947
2908,2948
2909,2949
2910,2950
2911,2951
2912,2952
2913,2953
2914,2954
2915,2955
2916,2956
2917,2957
2918,2958
2919,2959
2920,2960
2921,2961
2922,2962
2923,2963
2924,2964
2925,2965
2926,2966
2927,2967
2928,2968
2929,2969
2930,2970
2931,2971
2932,2972
2933,2973
2934,2974
2935,2975
2936,2976
2937,2977
2938,2978
2939,2979
2940,2980
2941,2981
2942,2982
2943,2983
2944,2984
2945,2985
2946,2986
2947,2987
2948,2988
2949,2989
2950,2990
2951,2991
2952,2992
2953,2993
2954,2994
2955,2995
2956,2996
2957,2997
2958,2998
2959,2999
2960,3000
2961,3001
2962,3002
2963,3003
2964,3004
2965,3005
2966,3006
2967,3007
2968,3008
2969,3009
2970,3010
2971,3011
2972,3012
2973,3013
2974,3014
2975,3015
2976,3016
2977,3017
2978,3018
2979,3019
2980,3020
2981,3021
2982,3022
2983,3023
2984,3024
2985,3025
2986,3026
2987,3027
2988,3028
2989,3029
2990,3030
2991,3031
2992,3032
2993,3033
2994,3034
2995,3035
2996,3036
2997,3037
2998,3038
2999,3039
3000,3040
3001,3041
3002,3042
3003,3043
3004,3044
3005,3045
3006,3046
3007,3047
3008,3048
3009,3049
3010,3050
3011,3051
3012,3052
3013,3053
3014,3054
3015,3055
3016,3056
3017,3057
3018,3058
3019,3059
3020,3060
3021,3061
3022,3062
3023,3063
3024,3064
3025,3065
3026,3066
3027,3067
3028,3068
3029,3069
3030,3070
3031,3071
3032,3072
3033,3073
3034,3074
3035,3075
3036,3076
3037,3077
3038,3078
3039,3079
3040,3080
3041,3081
3042,3082
3043,3083
3044,3084
3045,3085
3046,3086
3047,3087
3048,3088
3049,3089
3050,3090
3051,3091
3052,3092
3053,3093
3054,3094
3055,3095
3056,3096
3057,3097
3058,3098
3059,3099
3060,3100
3061,3101
3062,3102
3063,3103
3064,3104
3065,3105
3066,3106
3067,3107
3068,3108
3069,3109
3070,3110
3071,3111
3072,3112
3073,3113
3074,3114
3075,3115
3076,3116
3077,3117
3078,3118
3079,3119
3080,3120
3081,3121
3082,3122
3083,3123
3084,3124
3085,3125
3086,3126
3087,3127
3088,3128
3089,3129
3090,3130
3091,3131
3092,3132
3093,3133
3094,3134
3095,3135
3096,3136
3097,3137
3098,3138
3099,3139
3100,3140
3101,3141
3102,3142
3103,3143
3104,3144
3105,3145
3106,3146
3107,3147
3108,3148
3109,3149
3110,3150
3111,3151
3112,3152
3113,3153
3114,3154
3115,3155
3116,3156
3117,3157
3118,3158
3119,3159
3120,3160
3121,3161
3122,3162
3123,3163
3124,3164
3125,3165
3126,3166
3127,3167
3128,3168
3129,3169
3130,3170
3131,3171
3132,3172
3133,3173
3134,3174
3135,3175
3136,3176
3137,3177
3138,3178
3139,3179
3140,3180
3141,3181
3142,3182
3143,3183
3144,3184
3145,3185
3146,3186
3147,3187
3148,3188
3149,3189
3150,3190
3151,3191
3152,3192
3153,3193
3154,3194
3155,3195
3156,3196
3157,3197
3158,3198
3159,3199
3160,3200
3161,3201
3162,3202
3163,3203
3164,3204
3165,3205
3166,3206
3167,3207
3168,3208
3169,3209
3170,3210
3171,3211
3172,3212
3173,3213
3174,3214
3175,3215
3176,3216
3177,3217
3178,3218
3179,3219
3180,3220
3181,3221
3182,3222
3183,3223
3184,3224
3185,3225
3186,3226
3187,3227
3188,3228
3189,3229
3190,3230
3191,3231
3192,3232
3193,3233
3194,3234
3195,3235
3196,3236
3197,3237
3198,3238
3199,3239
3200,3240
3201,3241
3202,3242
3203,3243
3204,3244
3205,3245
3206,3246
3207,3247
3208,3248
3209,3249
3210,3250
3211,3251
3212,3252
3213,3253
3214,3254
3215,3255
3216,3256
3217,3257
3218,3258
3219,3259
3220,3260
3221,3261
3222,3262
3223,3263
3224,3264
3225,3265
3226,3266
3227,3267
3228,3268
3229,3269
3230,3270
3231,3271
3232,3272
3233,3273
3234,3274
3235,3275
3236,3276
3237,3277
3238,3278
3239,3279
3240,3280
3241,3281
3242,3282
3243,3283
3244,3284
3245,3285
3246,3286
3247,3287
3248,3288
3249,3289
3250,3290
3251,3291
3252,3292
3253,3293
3254,3294
3255,3295
3256,3296
3257,3297
3258,3298
3259,3299
3260,3300
3261,3301
3262,3302
3263,3303
3264,3304
3265,3305
3266,3306
3267,3307
3268,3308
3269,3309
3270,3310
3271,3311
3272,3312
3273,3313
3274,3314
3275,3315
3276,3316
3277,3317
3278,3318
3279,3319
3280,3320
3281,3321
3282,3322
3283,3323
3284,3324
3285,3325
3286,3326
3287,3327
3288,3328
3289,3329
3290,3330
3291,3331
3292,3332
3293,3333
3294,3334
3295,3335
3296,3336
3297,3337
3298,3338
3299,3339
3300,3340
3301,3341
3302,3342
3303,3343
3304,3344
3305,3345
3306,3346
3307,3347
3308,3348
3309,3349
3310,3350
3311,3351
3312,3352
3313,3353
3314,3354
3315,3355
3316,3356
3317,3357
3318,3358
3319,3359
3320,3360
3321,3361
3322,3362
3323,3363
3324,3364
3325,3365
3326,3366
3327,3367
3328,3368
3329,3369
3330,3370
3331,3371
3332,3372
3333,3373
3334,3374
3335,3375
3336,3376
3337,3377
3338,3378
3339,3379
3340,3380
3341,3381
3342,3382
3343,3383
3344,3384
3345,3385
3346,3386
3347,3387
3348,3388
3349,3389
3350,3390
3351,3391
3352,3392
3353,3393
3354,3394
3355,3395
3356,3396
3357,3397
3358,3398
3359,3399
3360,3400
3361,3401
3362,3402
3363,3403
3364,3404
3365,3405
3366,3406
3367,3407
3368,3408
3369,3409
3370,3410
3371,3411
3372,3412
3373,3413
3374,3414
3375,3415
3376,3416
3377,3417
3378,3418
3379,3419
3380,3420
3381,3421
3382,3422
3383,3423
3384,3424
3385,3425
3386,3426
3387,3427
3388,3428
3389,3429
3390,3430
3391,3431
3392,3432
3393,3433
3394,3434
3395,3435
3396,3436
3397,3437
3398,3438
3399,3439
3400,3440
3401,3441
3402,3442
3403,3443
3404,3444
3405,3445
3406,3446
3407,3447
3408,3448
3409,3449
3410,3450
3411,3451
3412,3452
3413,3453
3414,3454
3415,3455
3416,3456
3417,3457
3418,3458
3419,3459
3420,3460
3421,3461
3422,3462
3423,3463
3424,3464
3425,3465
3426,3466
3427,3467
3428,3468
3429,3469
3430,3470
3431,3471
3432,3472
3433,3473
3434,3474
3435,3475
3436,3476
3437,3477
3438,3478
3439,3479
3440,3480
3441,3481
3442,3482
3443,3483
3444,3484
3445,3485
3446,3486
3447,3487
3448,3488
3449,3489
3450,3490
3451,3491
3452,3492
3453,3493
3454,3494
3455,3495
3456,3496
3457,3497
3458,3498
3459,3499
3460,3500
3461,3501
3462,3502
3463,3503
3464,3504
3465,3505
3466,3506
3467,3507
3468,3508
3469,3509
3470,3510
3471,3511
3472,3512
3473,3513
3474,3514
3475,3515
3476,3516
3477,3517
3478,3518
3479,3519
3480,3520
3481,3521
3482,3522
3483,3523
3484,3524
3485,3525
3486,3526
3487,3527
3488,3528
3489,3529
3490,3530
3491,3531
3492,3532
3493,3533
3494,3534
3495,3535
3496,3536
3497,3537
3498,3538
3499,3539
3500,3540
3501,3541
3502,3542
3503,3543
3504,3544
3505,3545
3506,3546
3507,3547
3508,3548
3509,3549
3510,3550
3511,3551
3512,3552
3513,3553
3514,3554
3515,3555
3516,3556
3517,3557
3518,3558
3519,3559
3520,3560
3521,3561
3522,3562
3523,3563
3524,3564
3525,3565
3526,3566
3527,3567
3528,3568
3529,3569
3530,3570
3531,3571
3532,3572
3533,3573
3534,3574
3535,3575
3536,3576
3537,3577
3538,3578
3539,3579
3540,3580
3541,3581
3542,3582
3543,3583
3544,3584
3545,3585
3546,3586
3547,3587
3548,3588
3549,3589
3550,3590
3551,3591
3552,3592
3553,3593
3554,3594
3555,3595
3556,3596
3557,3597
3558,3598
3559,3599
3560,3600
3561,3601
3562,3602
3563,3603
3564,3604
3565,3605
3566,3606
3567,3607
3568,3608
3569,3609
3570,3610
3571,3611
3572,3612
3573,3613
3574,3614
3575,3615
3576,3616
3577,3617
3578,3618
3579,3619
3580,3620
3581,3621
3582,3622
3583,3623
3584,3624
3585,3625
3586,3626
3587,3627
3588,3628
3589,3629
3590,3630
3591,3631
3592,3632
3593,3633
3594,3634
3595,3635
3596,3636
3597,3637
3598,3638
3599,3639
3600,3640
3601,3641
3602,3642
3603,3643
3604,3644
3605,3645
3606,3646
3607,3647
3608,3648
3609,3649
3610,3650
3611,3651
3612,3652
3613,3653
3614,3654
3615,3655
3616,3656
3617,3657
3618,3658
3619,3659
3620,3660
3621,3661
3622,3662
3623,3663
3624,3664
3625,3665
3626,3666
3627,3667
3628,3668
3629,3669
3630,3670
3631,3671
3632,3672
3633,3673
3634,3674
3635,3675
3636,3676
3637,3677
3638,3678
3639,3679
3640,3680
3641,3681
3642,3682
3643,3683
3644,3684
3645,3685
3646,3686
3647,3687
3648,3688
3649,3689
3650,3690
3651,3691
3652,3692
3653,3693
3654,3694
3655,3695
3656,3696
3657,3697
3658,3698
3659,3699
3660,3700
3661,3701
3662,3702
3663,3703
3664,3704
3665,3705
3666,3706
3667,3707
3668,3708
3669,3709
3670,3710
3671,3711
3672,3712
3673,3713
3674,3714
3675,3715
3676,3716
3677,3717
3678,3718
3679,3719
3680,3720
3681,3721
3682,3722
3683,3723
3684,3724
3685,3725
3686,3726
3687,3727
3688,3728
3689,3729
3690,3730
3691,3731
3692,3732
3693,3733
3694,3734
3695,3735
3696,3736
3697,3737
3698,3738
3699,3739
3700,3740
3701,3741
3702,3742
3703,3743
3704,3744
3705,3745
3706,3746
3707,3747
3708,3748
3709,3749
3710,3750
3711,3751
3712,3752
3713,3753
3714,3754
3715,3755
3716,3756
3717,3757
3718,3758
3719,3759
3720,3760
3721,3761
3722,3762
3723,3763
3724,3764
3725,3765
3726,3766
3727,3767
3728,3768
3729,3769
3730,3770
3731,3771
3732,3772
3733,3773
3734,3774
3735,3775
3736,3776
3737,3777
3738,3778
3739,3779
3740,3780
3741,3781
3742,3782
3743,3783
3744,3784
3745,3785
3746,3786
3747,3787
3748,3788
3749,3789
3750,3790
3751,3791
3752,3792
3753,3793
3754,3794
3755,3795
3756,3796
3757,3797
3758,3798
3759,3799
3760,3800
3761,3801
3762,3802
3763,3803
3764,3804
3765,3805
3766,3806
3767,3807
3768,3808
3769,3809
3770,3810
3771,3811
3772,3812
3773,3813
3774,3814
3775,3815
3776,3816
3777,3817
3778,3818
3779,3819
3780,3820
3781,3821
3782,3822
3783,3823
3784,3824
3785,3825
3786,3826
3787,3827
3788,3828
3789,3829
3790,3830
3791,3831
3792,3832
3793,3833
3794,3834
3795,3835
3796,3836
3797,3837
3798,3838
3799,3839
3800,3840
3801,3841
3802,3842
3803,3843
3804,3844
3805,3845
3806,3846
3807,3847
3808,3848
3809,3849
3810,3850
3811,3851
3812,3852
3813,3853
3814,3854
3815,3855
3816,3856
3817,3857
3818,3858
3819,3859
3820,3860
3821,3861
3822,3862
3823,3863
3824,3864
3825,3865
3826,3866
3827,3867
3828,3868
3829,3869
3830,3870
3831,3871
3832,3872
3833,3873
3834,3874
3835,3875
3836,3876
3837,3877
3838,3878
3839,3879
3840,3880
3841,3881
3842,3882
3843,3883
3844,3884
3845,3885
3846,3886
3847,3887
3848,3888
3849,3889
3850,3890
3851,3891
3852,3892
3853,3893
3854,3894
3855,3895
3856,3896
3857,3897
3858,3898
3859,3899
3860,3900
3861,3901
3862,3902
3863,3903
3864,3904
3865,3905
3866,3906
3867,3907
3868,3908
3869,3909
3870,3910
3871,3911
3872,3912
3873,3913
3874,3914
3875,3915
3876,3916
3877,3917
3878,3918
3879,3919
3880,3920
3881,3921
3882,3922
3883,3923
3884,3924
3885,3925
3886,3926
3887,3927
3888,3928
3889,3929
3890,3930
3891,3931
3892,3932
3893,3933
3894,3934
3895,3935
3896,3936
3897,3937
3898,3938
3899,3939
3900,3940
3901,3941
3902,3942
3903,3943
3904,3944
3905,3945
3906,3946
3907,3947
3908,3948
3909,3949
3910,3950
3911,3951
3912,3952
3913,3953
3914,3954
3915,3955
3916,3956
3917,3957
3918,3958
3919,3959
3920,3960
3921,3961
3922,3962
3923,3963
3924,3964
3925,3965
3926,3966
3927,3967
3928,3968
3929,3969
3930,3970
3931,3971
3932,3972
3933,3973
3934,3974
3935,3975
3936,3976
3937,3977
3938,3978
3939,3979
3940,3980
3941,3981
3942,3982
3943,3983
3944,3984
3945,3985
3946,3986
3947,3987
3948,3988
3949,3989
3950,3990
3951,3991
3952,3992
3953,3993
3954,3994
3955,3995
3956,3996
3957,3997
3958,3998
3959,3999
3960,4000
3961,4001
3962,4002
3963,4003
3964,4004
3965,4005
3966,4006
3967,4007
3968,4008
3969,4009
3970,4010
3971,4011
3972,4012
3973,4013
3974,4014
3975,4015
3976,4016
3977,4017
3978,4018
3979,4019
3980,4020
3981,4021
3982,4022
3983,4023
3984,4024
3985,4025
3986,4026
3987,4027
3988,4028
3989,4029
3990,4030
3991,4031
3992,4032
3993,4033
3994,4034
3995,4035
3996,4036
3997,4037
3998,4038
3999,4039
4000,4040
4001,4041
4002,4042
4003,4043
4004,4044
4005,4045
4006,4046
4007,4047
4008,4048
4009,4049
4010,4050
4011,4051
4012,4052
4013,4053
4014,4054
4015,4055
4016,4056
4017,4057
4018,4058
4019,4059
4020,4060
4021,4061
4022,4062
4023,4063
4024,4064
4025,4065
4026,4066
4027,4067
4028,4068
4029,4069
4030,4070
4031,4071
4032,4072
4033,4073
4034,4074
4035,4075
4036,4076
4037,4077
4038,4078
4039,4079
4040,4080
4041,4081
4042,4082
4043,4083
4044,4084
4045,4085
4046,4086
4047,4087
4048,4088
4049,4089
4050,4090
4051,4091
4052,4092
4053,4093
4054,4094
4055,4095
4056,4096
4057,4097
4058,4098
4059,4099
4060,4100
4061,4101
4062,4102
4063,4103
4064,4104
4065,4105
4066,4106
4067,4107
4068,4108
4069,4109
4070,4110
4071,4111
4072,4112
4073,4113
4074,4114
4075,4115
4076,4116
4077,4117
4078,4118
4079,4119
4080,4120
4081,4121
4082,4122
4083,4123
4084,4124
4085,4125
4086,4126
4087,4127
4088,4128
4089,4129
4090,4130
4091,4131
4092,4132
4093,4133
4094,4134
4095,4135
4096,4136
4097,4137
4098,4138
4099,4139
4100,4140
4101,4141
4102,4142
4103,4143
4104,4144
4105,4145
4106,4146
4107,4147
4108,4148
4109,4149
4110,4150
4111,4151
4112,4152
4113,4153
4114,4154
4115,4155
4116,4156
4117,4157
4118,4158
4119,4159
4120,4160
4121,4161
4122,4162
4123,4163
4124,4164
4125,4165
4126,4166
4127,4167
4128,4168
4129,4169
4130,4170
4131,4171
4132,4172
4133,4173
4134,4174
4135,4175
4136,4176
4137,4177
4138,4178
4139,4179
4140,4180
4141,4181
4142,4182
4143,4183
4144,4184
4145,4185
4146,4186
4147,4187
4148,4188
4149,4189
4150,4190
4151,4191
4152,4192
4153,4193
4154,4194
4155,4195
4156,4196
4157,4197
4158,4198
4159,4199
4160,4200
4161,4201
4162,4202
4163,4203
4164,4204
4165,4205
4166,4206
4167,4207
4168,4208
4169,4209
4170,4210
4171,4211
4172,4212
4173,4213
4174,4214
4175,4215
4176,4216
4177,4217
4178,4218
4179,4219
4180,4220
4181,4221
4182,4222
4183,4223
4184,4224
4185,4225
4186,4226
4187,4227
4188,4228
4189,4229
4190,4230
4191,4231
4192,4232
4193,4233
4194,4234
4195,4235
4196,4236
4197,4237
4198,4238
4199,4239
4200,4240
4201,4241
4202,4242
4203,4243
4204,4244
4205,4245
4206,4246
4207,4247
4208,4248
4209,4249
4210,4250
4211,4251
4212,4252
4213,4253
4214,4254
4215,4255
4216,4256
4217,4257
4218,4258
4219,4259
4220,4260
4221,4261
4222,4262
4223,4263
4224,4264
4225,4265
4226,4266
4227,4267
4228,4268
4229,4269
4230,4270
4231,4271
4232,4272
4233,4273
4234,4274
4235,4275
4236,4276
4237,4277
4238,4278
4239,4279
4240,4280
4241,4281
4242,4282
4243,4283
4244,4284
4245,4285
4246,4286
4247,4287
4248,4288
4249,4289
4250,4290
4251,4291
4252,4292
4253,4293
4254,4294
4255,4295
4256,4296
4257,4297
4258,4298
4259,4299
4260,4300
4261,4301
4262,4302
4263,4303
4264,4304
4265,4305
4266,4306
4267,4307
4268,4308
4269,4309
4270,4310
4271,4311
4272,4312
4273,4313
4274,4314
4275,4315
4276,4316
4277,4317
4278,4318
4279,4319
4280,4320
4281,4321
4282,4322
4283,4323
4284,4324
4285,4325
4286,4326
4287,4327
4288,4328
4289,4329
4290,4330
4291,4331
4292,4332
4293,4333
4294,4334
4295,4335
4296,4336
4297,4337
4298,4338
4299,4339
4300,4340
4301,4341
4302,4342
4303,4343
4304,4344
4305,4345
4306,4346
4307,4347
4308,4348
4309,4349
4310,4350
4311,4351
4312,4352
4313,4353
4314,4354
4315,4355
4316,4356
4317,4357
4318,4358
4319,4359
4320,4360
4321,4361
4322,4362
4323,4363
4324,4364
4325,4365
4326,4366
4327,4367
4328,4368
4329,4369
4330,4370
4331,4371
4332,4372
4333,4373
4334,4374
4335,4375
4336,4376
4337,4377
4338,4378
4339,4379
4340,4380
4341,4381
4342,4382
4343,4383
4344,4384
4345,4385
4346,4386
4347,4387
4348,4388
4349,4389
4350,4390
4351,4391
4352,4392
4353,4393
4354,4394
4355,4395
4356,4396
4357,4397
4358,4398
4359,4399
4360,4400
4361,4401
4362,4402
4363,4403
4364,4404
4365,4405
4366,4406
4367,4407
4368,4408
4369,4409
4370,4410
4371,4411
4372,4412
4373,4413
4374,4414
4375,4415
4376,4416
4377,4417
4378,4418
4379,4419
4380,4420
4381,4421
4382,4422
4383,4423
4384,4424
4385,4425
4386,4426
4387,4427
4388,4428
4389,4429
4390,4430
4391,4431
4392,4432
4393,4433
4394,4434
4395,4435
4396,4436
4397,4437
4398,4438
4399,4439
4400,4440
4401,4441
4402,4442
4403,4443
4404,4444
4405,4445
4406,4446
4407,4447
4408,4448
4409,4449
4410,4450
4411,4451
4412,4452
4413,4453
4414,4454
4415,4455
4416,4456
4417,4457
4418,4458
4419,4459
4420,4460
4421,4461
4422,4462
4423,4463
4424,4464
4425,4465
4426,4466
4427,4467
4428,4468
4429,4469
4430,4470
4431,4471
4432,4472
4433,4473
4434,4474
4435,4475
4436,4476
4437,4477
4438,4478
4439,4479
4440,4480
4441,4481
4442,4482
4443,4483
4444,4484
4445,4485
4446,4486
4447,4487
4448,4488
4449,4489
4450,4490
4451,4491
4452,4492
4453,4493
4454,4494
4455,4495
4456,4496
4457,4497
4458,4498
4459,4499
4460,4500
4461,4501
4462,4502
4463,4503
4464,4504
4465,4505
4466,4506
4467,4507
4468,4508
4469,4509
4470,4510
4471,4511
4472,4512
4473,4513
4474,4514
4475,4515
4476,4516
4477,4517
4478,4518
4479,4519
4480,4520
4481,4521
4482,4522
4483,4523
4484,4524
4485,4525
4486,4526
4487,4527
4488,4528
4489,4529
4490,4530
4491,4531
4492,4532
4493,4533
4494,4534
4495,4535
4496,4536
4497,4537
4498,4538
4499,4539
4500,4540
4501,4541
4502,4542
4503,4543
4504,4544
4505,4545
4506,4546
4507,4547
4508,4548
4509,4549
4510,4550
4511,4551
4512,4552
4513,4553
4514,4554
4515,4555
4516,4556
4517,4557
4518,4558
4519,4559
4520,4560
4521,4561
4522,4562
4523,4563
4524,4564
4525,4565
4526,4566
4527,4567
4528,4568
4529,4569
4530,4570
4531,4571
4532,4572
4533,4573
4534,4574
4535,4575
4536,4576
4537,4577
4538,4578
4539,4579
4540,4580
4541,4581
4542,4582
4543,4583
4544,4584
4545,4585
4546,4586
4547,4587
4548,4588
4549,4589
4550,4590
4551,4591
4552,4592
4553,4593
4554,4594
4555,4595
4556,4596
4557,4597
4558,4598
4559,4599
4560,4600
4561,4601
4562,4602
4563,4603
4564,4604
4565,4605
4566,4606
4567,4607
4568,4608
4569,4609
4570,4610
4571,4611
4572,4612
4573,4613
4574,4614
4575,4615
4576,4616
4577,4617
4578,4618
4579,4619
4580,4620
4581,4621
4582,4622
4583,4623
4584,4624
4585,4625
4586,4626
4587,4627
4588,4628
4589,4629
4590,4630
4591,4631
4592,4632
4593,4633
4594,4634
4595,4635
4596,4636
4597,4637
4598,4638
4599,4639
4600,4640
4601,4641
4602,4642
4603,4643
4604,4644
4605,4645
4606,4646
4607,4647
4608,4648
4609,4649
4610,4650
4611,4651
4612,4652
4613,4653
4614,4654
4615,4655
4616,4656
4617,4657
4618,4658
4619,4659
4620,4660
4621,4661
4622,4662
4623,4663
4624,4664
4625,4665
4626,4666
4627,4667
4628,4668
4629,4669
4630,4670
4631,4671
4632,4672
4633,4673
4634,4674
4635,4675
4636,4676
4637,4677
4638,4678
4639,4679
4640,4680
4641,4681
4642,4682
4643,4683
4644,4684
4645,4685
4646,4686
4647,4687
4648,4688
4649,4689
4650,4690
4651,4691
4652,4692
4653,4693
4654,4694
4655,4695
4656,4696
4657,4697
4658,4698
4659,4699
4660,4700
4661,4701
4662,4702
4663,4703
4664,4704
4665,4705
4666,4706
4667,4707
4668,4708
4669,4709
4670,4710
4671,4711
4672,4712
4673,4713
4674,4714
4675,4715
4676,4716
4677,4717
4678,4718
4679,4719
4680,4720
4681,4721
4682,4722
4683,4723
4684,4724
4685,4725
4686,4726
4687,4727
4688,4728
4689,4729
4690,4730
4691,4731
4692,4732
4693,4733
4694,4734
4695,4735
4696,4736
4697,4737
4698,4738
4699,4739
4700,4740
4701,4741
4702,4742
4703,4743
4704,4744
4705,4745
4706,4746
4707,4747
4708,4748
4709,4749
4710,4750
4711,4751
4712,4752
4713,4753
4714,4754
4715,4755
4716,4756
4717,4757
4718,4758
4719,4759
4720,4760
4721,4761
4722,4762
4723,4763
4724,4764
4725,4765
4726,4766
4727,4767
4728,4768
4729,4769
4730,4770
4731,4771
4732,4772
4733,4773
4734,4774
4735,4775
4736,4776
4737,4777
4738,4778
4739,4779
4740,4780
4741,4781
4742,4782
4743,4783
4744,4784
4745,4785
4746,4786
4747,4787
4748,4788
4749,4789
4750,4790
4751,4791
4752,4792
4753,4793
4754,4794
4755,4795
4756,4796
4757,4797
4758,4798
4759,4799
4760,4800
4761,4801
4762,4802
4763,4803
4764,4804
4765,4805
4766,4806
4767,4807
4768,4808
4769,4809
4770,4810
4771,4811
4772,4812
4773,4813
4774,4814
4775,4815
4776,4816
4777,4817
4778,4818
4779,4819
4780,4820
4781,4821
4782,4822
4783,4823
4784,4824
4785,4825
4786,4826
4787,4827
4788,4828
4789,4829
4790,4830
4791,4831
4792,4832
4793,4833
4794,4834
4795,4835
4796,4836
4797,4837
4798,4838
4799,4839
4800,4840
4801,4841
4802,4842
4803,4843
4804,4844
4805,4845
4806,4846
4807,4847
4808,4848
4809,4849
4810,4850
4811,4851
4812,4852
4813,4853
4814,4854
4815,4855
4816,4856
4817,4857
4818,4858
4819,4859
4820,4860
4821,4861
4822,4862
4823,4863
4824,4864
4825,4865
4826,4866
4827,4867
4828,4868
4829,4869
4830,4870
4831,4871
4832,4872
4833,4873
4834,4874
4835,4875
4836,4876
4837,4877
4838,4878
4839,4879
4840,4880
4841,4881
4842,4882
4843,4883
4844,4884
4845,4885
4846,4886
4847,4887
4848,4888
4849,4889
4850,4890
4851,4891
4852,4892
4853,4893
4854,4894
4855,4895
4856,4896
4857,4897
4858,4898
4859,4899
4860,4900
4861,4901
4862,4902
4863,4903
4864,4904
4865,4905
4866,4906
4867,4907
4868,4908
4869,4909
4870,4910
4871,4911
4872,4912
4873,4913
4874,4914
4875,4915
4876,4916
4877,4917
4878,4918
4879,4919
4880,4920
4881,4921
4882,4922
4883,4923
4884,4924
4885,4925
4886,4926
4887,4927
4888,4928
4889,4929
4890,4930
4891,4931
4892,4932
4893,4933
4894,4934
4895,4935
4896,4936
4897,4937
4898,4938
4899,4939
4900,4940
4901,4941
4902,4942
4903,4943
4904,4944
4905,4945
4906,4946
4907,4947
4908,4948
4909,4949
4910,4950
4911,4951
4912,4952
4913,4953
4914,4954
4915,4955
4916,4956
4917,4957
4918,4958
4919,4959
4920,4960
4921,4961
4922,4962
4923,4963
4924,4964
4925,4965
4926,4966
4927,4967
4928,4968
4929,4969
4930,4970
4931,4971
4932,4972
4933,4973
4934,4974
4935,4975
4936,4976
4937,4977
4938,4978
4939,4979
4940,4980
4941,4981
4942,4982
4943,4983
4944,4984
4945,4985
4946,4986
4947,4987
4948,4988
4949,4989
4950,4990
4951,4991
4952,4992
4953,4993
4954,4994
4955,4995
4956,4996
4957,4997
4958,4998
4959,4999
4960,5000
4961,5001
4962,5002
4963,5003
4964,5004
4965,5005
4966,5006
4967,5007
4968,5008
4969,5009
4970,5010
4971,5011
4972,5012
4973,5013
4974,5014
4975,5015
4976,5016
4977,5017
4978,5018
4979,5019
4980,5020
4981,5021
4982,5022
4983,5023
4984,5024
4985,5025
4986,5026
4987,5027
4988,5028
4989,5029
4990,5030
4991,5031
4992,5032
4993,5033
4994,5034
4995,5035
4996,5036
4997,5037
4998,5038
4999,5039
5000,5040
5001,5041
5002,5042
5003,5043
5004,5044
5005,5045
5006,5046
5007,5047
5008,5048
5009,5049
5010,5050
5011,5051
5012,5052
5013,5053
5014,5054
5015,5055
5016,5056
5017,5057
5018,5058
5019,5059
5020,5060
5021,5061
5022,5062
5023,5063
5024,5064
5025,5065
5026,5066
5027,5067
5028,5068
5029,5069
5030,5070
5031,5071
5032,5072
5033,5073
5034,5074
5035,5075
5036,5076
5037,5077
5038,5078
5039,5079
5040,5080
5041,5081
5042,5082
5043,5083
5044,5084
5045,5085
5046,5086
5047,5087
5048,5088
5049,5089
5050,5090
5051,5091
5052,5092
5053,5093
5054,5094
5055,5095
5056,5096
5057,5097
5058,5098
5059,5099
5060,5100
5061,5101
5062,5102
5063,5103
5064,5104
5065,5105
5066,5106
5067,5107
5068,5108
5069,5109
5070,5110
5071,5111
5072,5112
5073,5113
5074,5114
5075,5115
5076,5116
5077,5117
5078,5118
5079,5119
5080,5120
5081,5121
5082,5122
5083,5123
5084,5124
5085,5125
5086,5126
5087,5127
5088,5128
5089,5129
5090,5130
5091,5131
5092,5132
5093,5133
5094,5134
5095,5135
5096,5136
5097,5137
5098,5138
5099,5139
5100,5140
5101,5141
5102,5142
5103,5143
5104,5144
5105,5145
5106,5146
5107,5147
5108,5148
5109,5149
5110,5150
5111,5151
5112,5152
5113,5153
5114,5154
5115,5155
5116,5156
5117,5157
5118,5158
5119,5159
5120,5160
5121,5161
5122,5162
5123,5163
5124,5164
5125,5165
5126,5166
5127,5167
5128,5168
5129,5169
5130,5170
5131,5171
5132,5172
5133,5173
5134,5174
5135,5175
5136,5176
5137,5177
5138,5178
5139,5179
5140,5180
5141,5181
5142,5182
5143,5183
5144,5184
5145,5185
5146,5186
5147,5187
5148,5188
5149,5189
5150,5190
5151,5191
5152,5192
5153,5193
5154,5194
5155,5195
5156,5196
5157,5197
5158,5198
5159,5199
5160,5200
5161,5201
5162,5202
5163,5203
5164,5204
5165,5205
5166,5206
5167,5207
5168,5208
5169,5209
5170,5210
5171,5211
5172,5212
5173,5213
5174,5214
5175,5215
5176,5216
5177,5217
5178,5218
5179,5219
5180,5220
5181,5221
5182,5222
5183,5223
5184,5224
5185,5225
5186,5226
5187,5227
5188,5228
5189,5229
5190,5230
5191,5231
5192,5232
5193,5233
5194,5234
5195,5235
5196,5236
5197,5237
5198,5238
5199,5239
5200,5240
5201,5241
5202,5242
5203,5243
5204,5244
5205,5245
5206,5246
5207,5247
5208,5248
5209,5249
5210,5250
5211,5251
5212,5252
5213,5253
5214,5254
5215,5255
5216,5256
5217,5257
5218,5258
5219,5259
5220,5260
5221,5261
5222,5262
5223,5263
5224,5264
5225,5265
5226,5266
5227,5267
5228,5268
5229,5269
5230,5270
5231,5271
5232,5272
5233,5273
5234,5274
5235,5275
5236,5276
5237,5277
5238,5278
5239,5279
5240,5280
5241,5281
5242,5282
5243,5283
5244,5284
5245,5285
5246,5286
5247,5287
5248,5288
5249,5289
5250,5290
5251,5291
5252,5292
5253,5293
5254,5294
5255,5295
5256,5296
5257,5297
5258,5298
5259,5299
5260,5300
5261,5301
5262,5302
5263,5303
5264,5304
5265,5305
5266,5306
5267,5307
5268,5308
5269,5309
5270,5310
5271,5311
5272,5312
5273,5313
5274,5314
5275,5315
5276,5316
5277,5317
5278,5318
5279,5319
5280,5320
5281,5321
5282,5322
5283,5323
5284,5324
5285,5325
5286,5326
5287,5327
5288,5328
5289,5329
5290,5330
5291,5331
5292,5332
5293,5333
5294,5334
5295,5335
5296,5336
5297,5337
5298,5338
5299,5339
5300,5340
5301,5341
5302,5342
5303,5343
5304,5344
5305,5345
5306,5346
5307,5347
5308,5348
5309,5349
5310,5350
5311,5351
5312,5352
5313,5353
5314,5354
5315,5355
5316,5356
5317,5357
5318,5358
5319,5359
5320,5360
5321,5361
5322,5362
5323,5363
5324,5364
5325,5365
5326,5366
5327,5367
5328,5368
5329,5369
5330,5370
5331,5371
5332,5372
5333,5373
5334,5374
5335,5375
5336,5376
5337,5377
5338,5378
5339,5379
5340,5380
5341,5381
5342,5382
5343,5383
5344,5384
5345,5385
5346,5386
5347,5387
5348,5388
5349,5389
5350,5390
5351,5391
5352,5392
5353,5393
5354,5394
5355,5395
5356,5396
5357,5397
5358,5398
5359,5399
5360,5400
5361,5401
5362,5402
5363,5403
5364,5404
5365,5405
5366,5406
5367,5407
5368,5408
5369,5409
5370,5410
5371,5411
5372,5412
5373,5413
5374,5414
5375,5415
5376,5416
5377,5417
5378,5418
5379,5419
5380,5420
5381,5421
5382,5422
5383,5423
5384,5424
5385,5425
5386,5426
5387,5427
5388,5428
5389,5429
5390,5430
5391,5431
5392,5432
5393,5433
5394,5434
5395,5435
5396,5436
5397,5437
5398,5438
5399,5439
5400,5440
5401,5441
5402,5442
5403,5443
5404,5444
5405,5445
5406,5446
5407,5447
5408,5448
5409,5449
5410,5450
5411,5451
5412,5452
5413,5453
5414,5454
5415,5455
5416,5456
5417,5457
5418,5458
5419,5459
5420,5460
5421,5461
5422,5462
5423,5463
5424,5464
5425,5465
5426,5466
5427,5467
5428,5468
5429,5469
5430,5470
5431,5471
5432,5472
5433,5473
5434,5474
5435,5475
5436,5476
5437,5477
5438,5478
5439,5479
5440,5480
5441,5481
5442,5482
5443,5483
5444,5484
5445,5485
5446,5486
5447,5487
5448,5488
5449,5489
5450,5490
5451,5491
5452,5492
5453,5493
5454,5494
5455,5495
5456,5496
5457,5497
5458,5498
5459,5499
5460,5500
5461,5501
5462,5502
5463,5503
5464,5504
5465,5505
5466,5506
5467,5507
5468,5508
5469,5509
5470,5510
5471,5511
5472,5512
5473,5513
5474,5514
5475,5515
5476,5516
5477,5517
5478,5518
5479,5519
5480,5520
5481,5521
5482,5522
5483,5523
5484,5524
5485,5525
5486,5526
5487,5527
5488,5528
5489,5529
5490,5530
5491,5531
5492,5532
5493,5533
5494,5534
5495,5535
5496,5536
5497,5537
5498,5538
5499,5539
5500,5540
5501,5541
5502,5542
5503,5543
5504,5544
5505,5545
5506,5546
5507,5547
5508,5548
5509,5549
5510,5550
5511,5551
5512,5552
5513,5553
5514,5554
5515,5555
5516,5556
5517,5557
5518,5558
5519,5559
5520,5560
5521,5561
5522,5562
5523,5563
5524,5564
5525,5565
5526,5566
5527,5567
5528,5568
5529,5569
5530,5570
5531,5571
5532,5572
5533,5573
5534,5574
5535,5575
5536,5576
5537,5577
5538,5578
5539,5579
5540,5580
5541,5581
5542,5582
5543,5583
5544,5584
5545,5585
5546,5586
5547,5587
5548,5588
5549,5589
5550,5590
5551,5591
5552,5592
5553,5593
5554,5594
5555,5595
5556,5596
5557,5597
5558,5598
5559,5599
5560,5600
5561,5601
5562,5602
5563,5603
5564,5604
5565,5605
5566,5606
5567,5607
5568,5608
5569,5609
5570,5610
5571,5611
5572,5612
5573,5613
5574,5614
5575,5615
5576,5616
5577,5617
5578,5618
5579,5619
5580,5620
5581,5621
5582,5622
5583,5623
5584,5624
5585,5625
5586,5626
5587,5627
5588,5628
5589,5629
5590,5630
5591,5631
5592,5632
5593,5633
5594,5634
5595,5635
5596,5636
5597,5637
5598,5638
5599,5639
5600,5640
5601,5641
5602,5642
5603,5643
5604,5644
5605,5645
5606,5646
5607,5647
5608,5648
5609,5649
5610,5650
5611,5651
5612,5652
5613,5653
5614,5654
5615,5655
5616,5656
5617,5657
5618,5658
5619,5659
5620,5660
5621,5661
5622,5662
5623,5663
5624,5664
5625,5665
5626,5666
5627,5667
5628,5668
5629,5669
5630,5670
5631,5671
5632,5672
5633,5673
5634,5674
5635,5675
5636,5676
5637,5677
5638,5678
5639,5679
5640,5680
5641,5681
5642,5682
5643,5683
5644,5684
5645,5685
5646,5686
5647,5687
5648,5688
5649,5689
5650,5690
5651,5691
5652,5692
5653,5693
5654,5694
5655,5695
5656,5696
5657,5697
5658,5698
5659,5699
5660,5700
5661,5701
5662,5702
5663,5703
5664,5704
5665,5705
5666,5706
5667,5707
5668,5708
5669,5709
5670,5710
5671,5711
5672,5712
5673,5713
5674,5714
5675,5715
5676,5716
5677,5717
5678,5718
5679,5719
5680,5720
5681,5721
5682,5722
5683,5723
5684,5724
5685,5725
5686,5726
5687,5727
5688,5728
5689,5729
5690,5730
5691,5731
5692,5732
5693,5733
5694,5734
5695,5735
5696,5736
5697,5737
5698,5738
5699,5739
5700,5740
5701,5741
5702,5742
5703,5743
5704,5744
5705,5745
5706,5746
5707,5747
5708,5748
5709,5749
5710,5750
5711,5751
5712,5752
5713,5753
5714,5754
5715,5755
5716,5756
5717,5757
5718,5758
5719,5759
5720,5760
5721,5761
5722,5762
5723,5763
5724,5764
5725,5765
5726,5766
5727,5767
5728,5768
5729,5769
5730,5770
5731,5771
5732,5772
5733,5773
5734,5774
5735,5775
5736,5776
5737,5777
5738,5778
5739,5779
5740,5780
5741,5781
5742,5782
5743,5783
5744,5784
5745,5785
5746,5786
5747,5787
5748,5788
5749,5789
5750,5790
5751,5791
5752,5792
5753,5793
5754,5794
5755,5795
5756,5796
5757,5797
5758,5798
5759,5799
5760,5800
5761,5801
5762,5802
5763,5803
5764,5804
5765,5805
5766,5806
5767,5807
5768,5808
5769,5809
5770,5810
5771,5811
5772,5812
5773,5813
5774,5814
5775,5815
5776,5816
5777,5817
5778,5818
5779,5819
5780,5820
5781,5821
5782,5822
5783,5823
5784,5824
5785,5825
5786,5826
5787,5827
5788,5828
5789,5829
5790,5830
5791,5831
5792,5832
5793,5833
5794,5834
5795,5835
5796,5836
5797,5837
5798,5838
5799,5839
5800,5840
5801,5841
5802,5842
5803,5843
5804,5844
5805,5845
5806,5846
5807,5847
5808,5848
5809,5849
5810,5850
5811,5851
5812,5852
5813,5853
5814,5854
5815,5855
5816,5856
5817,5857
5818,5858
5819,5859
5820,5860
5821,5861
5822,5862
5823,5863
5824,5864
5825,5865
5826,5866
5827,5867
5828,5868
5829,5869
5830,5870
5831,5871
5832,5872
5833,5873
5834,5874
5835,5875
5836,5876
5837,5877
5838,5878
5839,5879
5840,5880
5841,5881
5842,5882
5843,5883
5844,5884
5845,5885
5846,5886
5847,5887
5848,5888
5849,5889
5850,5890
5851,5891
5852,5892
5853,5893
5854,5894
5855,5895
5856,5896
5857,5897
5858,5898
5859,5899
5860,5900
5861,5901
5862,5902
5863,5903
5864,5904
5865,5905
5866,5906
5867,5907
5868,5908
5869,5909
5870,5910
5871,5911
5872,5912
5873,5913
5874,5914
5875,5915
5876,5916
5877,5917
5878,5918
5879,5919
5880,5920
5881,5921
5882,5922
5883,5923
5884,5924
5885,5925
5886,5926
5887,5927
5888,5928
5889,5929
5890,5930
5891,5931
5892,5932
5893,5933
5894,5934
5895,5935
5896,5936
5897,5937
5898,5938
5899,5939
5900,5940
5901,5941
5902,5942
5903,5943
5904,5944
5905,5945
5906,5946
5907,5947
5908,5948
5909,5949
5910,5950
5911,5951
5912,5952
5913,5953
5914,5954
5915,5955
5916,5956
5917,5957
5918,5958
5919,5959
5920,5960
5921,5961
5922,5962
5923,5963
5924,5964
5925,5965
5926,5966
5927,5967
5928,5968
5929,5969
5930,5970
5931,5971
5932,5972
5933,5973
5934,5974
5935,5975
5936,5976
5937,5977
5938,5978
5939,5979
5940,5980
5941,5981
5942,5982
5943,5983
5944,5984
5945,5985
5946,5986
5947,5987
5948,5988
5949,5989
5950,5990
5951,5991
5952,5992
5953,5993
5954,5994
5955,5995
5956,5996
5957,5997
5958,5998
5959,5999
5960,6000
5961,6001
5962,6002
5963,6003
5964,6004
5965,6005
5966,6006
5967,6007
5968,6008
5969,6009
5970,6010
5971,6011
5972,6012
5973,6013
5974,6014
5975,6015
5976,6016
5977,6017
5978,6018
5979,6019
5980,6020
5981,6021
5982,6022
5983,6023
5984,6024
5985,6025
5986,6026
5987,6027
5988,6028
5989,6029
5990,6030
5991,6031
5992,6032
5993,6033
5994,6034
5995,6035
5996,6036
5997,6037
5998,6038
5999,6039
6000,6040
6001,6041
6002,6042
6003,6043
6004,6044
6005,6045
6006,6046
6007,6047
6008,6048
6009,6049
6010,6050
6011,6051
6012,6052
6013,6053
6014,6054
6015,6055
6016,6056
6017,6057
6018,6058
6019,6059
6020,6060
6021,6061
6022,6062
6023,6063
6024,6064
6025,6065
6026,6066
6027,6067
6028,6068
6029,6069
6030,6070
6031,6071
6032,6072
6033,6073
6034,6074
6035,6075
6036,6076
6037,6077
6038,6078
6039,6079
6040,6080
6041,6081
6042,6082
6043,6083
6044,6084
6045,6085
6046,6086
6047,6087
6048,6088
6049,6089
6050,6090
6051,6091
6052,6092
6053,6093
6054,6094
6055,6095
6056,6096
6057,6097
6058,6098
6059,6099
6060,6100
6061,6101
6062,6102
6063,6103
6064,6104
6065,6105
6066,6106
6067,6107
6068,6108
6069,6109
6070,6110
6071,6111
6072,6112
6073,6113
6074,6114
6075,6115
6076,6116
6077,6117
6078,6118
6079,6119
6080,6120
6081,6121
6082,6122
6083,6123
6084,6124
6085,6125
6086,6126
6087,6127
6088,6128
6089,6129
6090,6130
6091,6131
6092,6132
6093,6133
6094,6134
6095,6135
6096,6136
6097,6137
6098,6138
6099,6139
6100,6140
6101,6141
6102,6142
6103,6143
6104,6144
6105,6145
6106,6146
6107,6147
6108,6148
6109,6149
6110,6150
6111,6151
6112,6152
6113,6153
6114,6154
6115,6155
6116,6156
6117,6157
6118,6158
6119,6159
6120,6160
6121,6161
6122,6162
6123,6163
6124,6164
6125,6165
6126,6166
6127,6167
6128,6168
6129,6169
6130,6170
6131,6171
6132,6172
6133,6173
6134,6174
6135,6175
6136,6176
6137,6177
6138,6178
6139,6179
6140,6180
6141,6181
6142,6182
6143,6183
6144,6184
6145,6185
6146,6186
6147,6187
6148,6188
6149,6189
6150,6190
6151,6191
6152,6192
6153,6193
6154,6194
6155,6195
6156,6196
6157,6197
6158,6198
6159,6199
6160,6200
6161,6201
6162,6202
6163,6203
6164,6204
6165,6205
6166,6206
6167,6207
6168,6208
6169,6209
6170,6210
6171,6211
6172,6212
6173,6213
6174,6214
6175,6215
6176,6216
6177,6217
6178,6218
6179,6219
6180,6220
6181,6221
6182,6222
6183,6223
6184,6224
6185,6225
6186,6226
6187,6227
6188,6228
6189,6229
6190,6230
6191,6231
6192,6232
6193,6233
6194,6234
6195,6235
6196,6236
6197,6237
6198,6238
6199,6239
6200,6240
6201,6241
6202,6242
6203,6243
6204,6244
6205,6245
6206,6246
6207,6247
6208,6248
6209,6249
6210,6250
6211,6251
6212,6252
6213,6253
6214,6254
6215,6255
6216,6256
6217,6257
6218,6258
6219,6259
6220,6260
6221,6261
6222,6262
6223,6263
6224,6264
6225,6265
6226,6266
6227,6267
6228,6268
6229,6269
6230,6270
6231,6271
6232,6272
6233,6273
6234,6274
6235,6275
6236,6276
6237,6277
6238,6278
6239,6279
6240,6280
6241,6281
6242,6282
6243,6283
6244,6284
6245,6285
6246,6286
6247,6287
6248,6288
6249,6289
6250,6290
6251,6291
6252,6292
6253,6293
6254,6294
6255,6295
6256,6296
6257,6297
6258,6298
6259,6299
6260,6300
6261,6301
6262,6302
6263,6303
6264,6304
6265,6305
6266,6306
6267,6307
6268,6308
6269,6309
6270,6310
6271,6311
6272,6312
6273,6313
6274,6314
6275,6315
6276,6316
6277,6317
6278,6318
6279,6319
6280,6320
6281,6321
6282,6322
6283,6323
6284,6324
6285,6325
6286,6326
6287,6327
6288,6328
6289,6329
6290,6330
6291,6331
6292,6332
6293,6333
6294,6334
6295,6335
6296,6336
6297,6337
6298,6338
6299,6339
6300,6340
6301,6341
6302,6342
6303,6343
6304,6344
6305,6345
6306,6346
6307,6347
6308,6348
6309,6349
6310,6350
6311,6351
6312,6352
6313,6353
6314,6354
6315,6355
6316,6356
6317,6357
6318,6358
6319,6359
6320,6360
6321,6361
6322,6362
6323,6363
6324,6364
6325,6365
6326,6366
6327,6367
6328,6368
6329,6369
6330,6370
6331,6371
6332,6372
6333,6373
6334,6374
6335,6375
6336,6376
6337,6377
6338,6378
6339,6379
6340,6380
6341,6381
6342,6382
6343,6383
6344,6384
6345,6385
6346,6386
6347,6387
6348,6388
6349,6389
6350,6390
6351,6391
6352,6392
6353,6393
6354,6394
6355,6395
6356,6396
6357,6397
6358,6398
6359,6399
6360,6400
6361,6401
6362,6402
6363,6403
6364,6404
6365,6405
6366,6406
6367,6407
6368,6408
6369,6409
6370,6410
6371,6411
6372,6412
6373,6413
6374,6414
6375,6415
6376,6416
6377,6417
6378,6418
6379,6419
6380,6420
6381,6421
6382,6422
6383,6423
6384,6424
6385,6425
6386,6426
6387,6427
6388,6428
6389,6429
6390,6430
6391,6431
6392,6432
6393,6433
6394,6434
6395,6435
6396,6436
6397,6437
6398,6438
6399,6439
6400,6440
6401,6441
6402,6442
6403,6443
6404,6444
6405,6445
6406,6446
6407,6447
6408,6448
6409,6449
6410,6450
6411,6451
6412,6452
6413,6453
6414,6454
6415,6455
6416,6456
6417,6457
6418,6458
6419,6459
6420,6460
6421,6461
6422,6462
6423,6463
6424,6464
6425,6465
6426,6466
6427,6467
6428,6468
6429,6469
6430,6470
6431,6471
6432,6472
6433,6473
6434,6474
6435,6475
6436,6476
6437,6477
6438,6478
6439,6479
6440,6480
6441,6481
6442,6482
6443,6483
6444,6484
6445,6485
6446,6486
6447,6487
6448,6488
6449,6489
6450,6490
6451,6491
6452,6492
6453,6493
6454,6494
6455,6495
6456,6496
6457,6497
6458,6498
6459,6499
6460,6500
6461,6501
6462,6502
6463,6503
6464,6504
6465,6505
6466,6506
6467,6507
6468,6508
6469,6509
6470,6510
6471,6511
6472,6512
6473,6513
6474,6514
6475,6515
6476,6516
6477,6517
6478,6518
6479,6519
6480,6520
6481,6521
6482,6522
6483,6523
6484,6524
6485,6525
6486,6526
6487,6527
6488,6528
6489,6529
6490,6530
6491,6531
6492,6532
6493,6533
6494,6534
6495,6535
6496,6536
6497,6537
6498,6538
6499,6539
6500,6540
6501,6541
6502,6542
6503,6543
6504,6544
6505,6545
6506,6546
6507,6547
6508,6548
6509,6549
6510,6550
6511,6551
6512,6552
6513,6553
6514,6554
6515,6555
6516,6556
6517,6557
6518,6558
6519,6559
6520,6560
6521,6561
6522,6562
6523,6563
6524,6564
6525,6565
6526,6566
6527,6567
6528,6568
6529,6569
6530,6570
6531,6571
6532,6572
6533,6573
6534,6574
6535,6575
6536,6576
6537,6577
6538,6578
6539,6579
6540,6580
6541,6581
6542,6582
6543,6583
6544,6584
6545,6585
6546,6586
6547,6587
6548,6588
6549,6589
6550,6590
6551,6591
6552,6592
6553,6593
6554,6594
6555,6595
6556,6596
6557,6597
6558,6598
6559,6599
6560,6600
6561,6601
6562,6602
6563,6603
6564,6604
6565,6605
6566,6606
6567,6607
6568,6608
6569,6609
6570,6610
6571,6611
6572,6612
6573,6613
6574,6614
6575,6615
6576,6616
6577,6617
6578,6618
6579,6619
6580,6620
6581,6621
6582,6622
6583,6623
6584,6624
6585,6625
6586,6626
6587,6627
6588,6628
6589,6629
6590,6630
6591,6631
6592,6632
6593,6633
6594,6634
6595,6635
6596,6636
6597,6637
6598,6638
6599,6639
6600,6640
6601,6641
6602,6642
6603,6643
6604,6644
6605,6645
6606,6646
6607,6647
6608,6648
6609,6649
6610,6650
6611,6651
6612,6652
6613,6653
6614,6654
6615,6655
6616,6656
6617,6657
6618,6658
6619,6659
6620,6660
6621,6661
6622,6662
6623,6663
6624,6664
6625,6665
6626,6666
6627,6667
6628,6668
6629,6669
6630,6670
6631,6671
6632,6672
6633,6673
6634,6674
6635,6675
6636,6676
6637,6677
6638,6678
6639,6679
6640,6680
6641,6681
6642,6682
6643,6683
6644,6684
6645,6685
6646,6686
6647,6687
6648,6688
6649,6689
6650,6690
6651,6691
6652,6692
6653,6693
6654,6694
6655,6695
6656,6696
6657,6697
6658,6698
6659,6699
6660,6700
6661,6701
6662,6702
6663,6703
6664,6704
6665,6705
6666,6706
6667,6707
6668,6708
6669,6709
6670,6710
6671,6711
6672,6712
6673,6713
6674,6714
6675,6715
6676,6716
6677,6717
6678,6718
6679,6719
6680,6720
6681,6721
6682,6722
6683,6723
6684,6724
6685,6725
6686,6726
6687,6727
6688,6728
6689,6729
6690,6730
6691,6731
6692,6732
6693,6733
6694,6734
6695,6735
6696,6736
6697,6737
6698,6738
6699,6739
6700,6740
6701,6741
6702,6742
6703,6743
6704,6744
6705,6745
6706,6746
6707,6747
6708,6748
6709,6749
6710,6750
6711,6751
6712,6752
6713,6753
6714,6754
6715,6755
6716,6756
6717,6757
6718,6758
6719,6759
6720,6760
6721,6761
6722,6762
6723,6763
6724,6764
6725,6765
6726,6766
6727,6767
6728,6768
6729,6769
6730,6770
6731,6771
6732,6772
6733,6773
6734,6774
6735,6775
6736,6776
6737,6777
6738,6778
6739,6779
6740,6780
6741,6781
6742,6782
6743,6783
6744,6784
6745,6785
6746,6786
6747,6787
6748,6788
6749,6789
6750,6790
6751,6791
6752,6792
6753,6793
6754,6794
6755,6795
6756,6796
6757,6797
6758,6798
6759,6799
6760,6800
6761,6801
6762,6802
6763,6803
6764,6804
6765,6805
6766,6806
6767,6807
6768,6808
6769,6809
6770,6810
6771,6811
6772,6812
6773,6813
6774,6814
6775,6815
6776,6816
6777,6817
6778,6818
6779,6819
6780,6820
6781,6821
6782,6822
6783,6823
6784,6824
6785,6825
6786,6826
6787,6827
6788,6828
6789,6829
6790,6830
6791,6831
6792,6832
6793,6833
6794,6834
6795,6835
6796,6836
6797,6837
6798,6838
6799,6839
6800,6840
6801,6841
6802,6842
6803,6843
6804,6844
6805,6845
6806,6846
6807,6847
6808,6848
6809,6849
6810,6850
6811,6851
6812,6852
6813,6853
6814,6854
6815,6855
6816,6856
6817,6857
6818,6858
6819,6859
6820,6860
6821,6861
6822,6862
6823,6863
6824,6864
6825,6865
6826,6866
6827,6867
6828,6868
6829,6869
6830,6870
6831,6871
6832,6872
6833,6873
6834,6874
6835,6875
6836,6876
6837,6877
6838,6878
6839,6879
6840,6880
6841,6881
6842,6882
6843,6883
6844,6884
6845,6885
6846,6886
6847,6887
6848,6888
6849,6889
6850,6890
6851,6891
6852,6892
6853,6893
6854,6894
6855,6895
6856,6896
6857,6897
6858,6898
6859,6899
6860,6900
6861,6901
6862,6902
6863,6903
6864,6904
6865,6905
6866,6906
6867,6907
6868,6908
6869,6909
6870,6910
6871,6911
6872,6912
6873,6913
6874,6914
6875,6915
6876,6916
6877,6917
6878,6918
6879,6919
6880,6920
6881,6921
6882,6922
6883,6923
6884,6924
6885,6925
6886,6926
6887,6927
6888,6928
6889,6929
6890,6930
6891,6931
6892,6932
6893,6933
6894,6934
6895,6935
6896,6936
6897,6937
6898,6938
6899,6939
6900,6940
6901,6941
6902,6942
6903,6943
6904,6944
6905,6945
6906,6946
6907,6947
6908,6948
6909,6949
6910,6950
6911,6951
6912,6952
6913,6953
6914,6954
6915,6955
6916,6956
6917,6957
6918,6958
6919,6959
6920,6960
6921,6961
6922,6962
6923,6963
6924,6964
6925,6965
6926,6966
6927,6967
6928,6968
6929,6969
6930,6970
6931,6971
6932,6972
6933,6973
6934,6974
6935,6975
6936,6976
6937,6977
6938,6978
6939,6979
6940,6980
6941,6981
6942,6982
6943,6983
6944,6984
6945,6985
6946,6986
6947,6987
6948,6988
6949,6989
6950,6990
6951,6991
6952,6992
6953,6993
6954,6994
6955,6995
6956,6996
6957,6997
6958,6998
6959,6999
6960,7000
6961,7001
6962,7002
6963,7003
6964,7004
6965,7005
6966,7006
6967,7007
6968,7008
6969,7009
6970,7010
6971,7011
6972,7012
6973,7013
6974,7014
6975,7015
6976,7016
6977,7017
6978,7018
6979,7019
6980,7020
6981,7021
6982,7022
6983,7023
6984,7024
6985,7025
6986,7026
6987,7027
6988,7028
6989,7029
6990,7030
6991,7031
6992,7032
6993,7033
6994,7034
6995,7035
6996,7036
6997,7037
6998,7038
6999,7039
7000,7040
7001,7041
7002,7042
7003,7043
7004,7044
7005,7045
7006,7046
7007,7047
7008,7048
7009,7049
7010,7050
7011,7051
7012,7052
7013,7053
7014,7054
7015,7055
7016,7056
7017,7057
7018,7058
7019,7059
7020,7060
7021,7061
7022,7062
7023,7063
7024,7064
7025,7065
7026,7066
7027,7067
7028,7068
7029,7069
7030,7070
7031,7071
7032,7072
7033,7073
7034,7074
7035,7075
7036,7076
7037,7077
7038,7078
7039,7079
7040,7080
7041,7081
7042,7082
7043,7083
7044,7084
7045,7085
7046,7086
7047,7087
7048,7088
7049,7089
7050,7090
7051,7091
7052,7092
7053,7093
7054,7094
7055,7095
7056,7096
7057,7097
7058,7098
7059,7099
7060,7100
7061,7101
7062,7102
7063,7103
7064,7104
7065,7105
7066,7106
7067,7107
7068,7108
7069,7109
7070,7110
7071,7111
7072,7112
7073,7113
7074,7114
7075,7115
7076,7116
7077,7117
7078,7118
7079,7119
7080,7120
7081,7121
7082,7122
7083,7123
7084,7124
7085,7125
7086,7126
7087,7127
7088,7128
7089,7129
7090,7130
7091,7131
7092,7132
7093,7133
7094,7134
7095,7135
7096,7136
7097,7137
7098,7138
7099,7139
7100,7140
7101,7141
7102,7142
7103,7143
7104,7144
7105,7145
7106,7146
7107,7147
7108,7148
7109,7149
7110,7150
7111,7151
7112,7152
7113,7153
7114,7154
7115,7155
7116,7156
7117,7157
7118,7158
7119,7159
7120,7160
7121,7161
7122,7162
7123,7163
7124,7164
7125,7165
7126,7166
7127,7167
7128,7168
7129,7169
7130,7170
7131,7171
7132,7172
7133,7173
7134,7174
7135,7175
7136,7176
7137,7177
7138,7178
7139,7179
7140,7180
7141,7181
7142,7182
7143,7183
7144,7184
7145,7185
7146,7186
7147,7187
7148,7188
7149,7189
7150,7190
7151,7191
7152,7192
7153,7193
7154,7194
7155,7195
7156,7196
7157,7197
7158,7198
7159,7199
7160,7200
7161,7201
7162,7202
7163,7203
7164,7204
7165,7205
7166,7206
7167,7207
7168,7208
7169,7209
7170,7210
7171,7211
7172,7212
7173,7213
7174,7214
7175,7215
7176,7216
7177,7217
7178,7218
7179,7219
7180,7220
7181,7221
7182,7222
7183,7223
7184,7224
7185,7225
7186,7226
7187,7227
7188,7228
7189,7229
7190,7230
7191,7231
7192,7232
7193,7233
7194,7234
7195,7235
7196,7236
7197,7237
7198,7238
7199,7239
7200,7240
7201,7241
7202,7242
7203,7243
7204,7244
7205,7245
7206,7246
7207,7247
7208,7248
7209,7249
7210,7250
7211,7251
7212,7252
7213,7253
7214,7254
7215,7255
7216,7256
7217,7257
7218,7258
7219,7259
7220,7260
7221,7261
7222,7262
7223,7263
7224,7264
7225,7265
7226,7266
7227,7267
7228,7268
7229,7269
7230,7270
7231,7271
7232,7272
7233,7273
7234,7274
7235,7275
7236,7276
7237,7277
7238,7278
7239,7279
7240,7280
7241,7281
7242,7282
7243,7283
7244,7284
7245,7285
7246,7286
7247,7287
7248,7288
7249,7289
7250,7290
7251,7291
7252,7292
7253,7293
7254,7294
7255,7295
7256,7296
7257,7297
7258,7298
7259,7299
7260,7300
7261,7301
7262,7302
7263,7303
7264,7304
7265,7305
7266,7306
7267,7307
7268,7308
7269,7309
7270,7310
7271,7311
7272,7312
7273,7313
7274,7314
7275,7315
7276,7316
7277,7317
7278,7318
7279,7319
7280,7320
7281,7321
7282,7322
7283,7323
7284,7324
7285,7325
7286,7326
7287,7327
7288,7328
7289,7329
7290,7330
7291,7331
7292,7332
7293,7333
7294,7334
7295,7335
7296,7336
7297,7337
7298,7338
7299,7339
7300,7340
7301,7341
7302,7342
7303,7343
7304,7344
7305,7345
7306,7346
7307,7347
7308,7348
7309,7349
7310,7350
7311,7351
7312,7352
7313,7353
7314,7354
7315,7355
7316,7356
7317,7357
7318,7358
7319,7359
7320,7360
7321,7361
7322,7362
7323,7363
7324,7364
7325,7365
7326,7366
7327,7367
7328,7368
7329,7369
7330,7370
7331,7371
7332,7372
7333,7373
7334,7374
7335,7375
7336,7376
7337,7377
7338,7378
7339,7379
7340,7380
7341,7381
7342,7382
7343,7383
7344,7384
7345,7385
7346,7386
7347,7387
7348,7388
7349,7389
7350,7390
7351,7391
7352,7392
7353,7393
7354,7394
7355,7395
7356,7396
7357,7397
7358,7398
7359,7399
7360,7400
7361,7401
7362,7402
7363,7403
7364,7404
7365,7405
7366,7406
7367,7407
7368,7408
7369,7409
7370,7410
7371,7411
7372,7412
7373,7413
7374,7414
7375,7415
7376,7416
7377,7417
7378,7418
7379,7419
7380,7420
7381,7421
7382,7422
7383,7423
7384,7424
7385,7425
7386,7426
7387,7427
7388,7428
7389,7429
7390,7430
7391,7431
7392,7432
7393,7433
7394,7434
7395,7435
7396,7436
7397,7437
7398,7438
7399,7439
7400,7440
7401,7441
7402,7442
7403,7443
7404,7444
7405,7445
7406,7446
7407,7447
7408,7448
7409,7449
7410,7450
7411,7451
7412,7452
7413,7453
7414,7454
7415,7455
7416,7456
7417,7457
7418,7458
7419,7459
7420,7460
7421,7461
7422,7462
7423,7463
7424,7464
7425,7465
7426,7466
7427,7467
7428,7468
7429,7469
7430,7470
7431,7471
7432,7472
7433,7473
7434,7474
7435,7475
7436,7476
7437,7477
7438,7478
7439,7479
7440,7480
7441,7481
7442,7482
7443,7483
7444,7484
7445,7485
7446,7486
7447,7487
7448,7488
7449,7489
7450,7490
7451,7491
7452,7492
7453,7493
7454,7494
7455,7495
7456,7496
7457,7497
7458,7498
7459,7499
7460,7500
7461,7501
7462,7502
7463,7503
7464,7504
7465,7505
7466,7506
7467,7507
7468,7508
7469,7509
7470,7510
7471,7511
7472,7512
7473,7513
7474,7514
7475,7515
7476,7516
7477,7517
7478,7518
7479,7519
7480,7520
7481,7521
7482,7522
7483,7523
7484,7524
7485,7525
7486,7526
7487,7527
7488,7528
7489,7529
7490,7530
7491,7531
7492,7532
7493,7533
7494,7534
7495,7535
7496,7536
7497,7537
7498,7538
7499,7539
7500,7540
7501,7541
7502,7542
7503,7543
7504,7544
7505,7545
7506,7546
7507,7547
7508,7548
7509,7549
7510,7550
7511,7551
7512,7552
7513,7553
7514,7554
7515,7555
7516,7556
7517,7557
7518,7558
7519,7559
7520,7560
7521,7561
7522,7562
7523,7563
7524,7564
7525,7565
7526,7566
7527,7567
7528,7568
7529,7569
7530,7570
7531,7571
7532,7572
7533,7573
7534,7574
7535,7575
7536,7576
7537,7577
7538,7578
7539,7579
7540,7580
7541,7581
7542,7582
7543,7583
7544,7584
7545,7585
7546,7586
7547,7587
7548,7588
7549,7589
7550,7590
7551,7591
7552,7592
7553,7593
7554,7594
7555,7595
7556,7596
7557,7597
7558,7598
7559,7599
7560,7600
7561,7601
7562,7602
7563,7603
7564,7604
7565,7605
7566,7606
7567,7607
7568,7608
7569,7609
7570,7610
7571,7611
7572,7612
7573,7613
7574,7614
7575,7615
7576,7616
7577,7617
7578,7618
7579,7619
7580,7620
7581,7621
7582,7622
7583,7623
7584,7624
7585,7625
7586,7626
7587,7627
7588,7628
7589,7629
7590,7630
7591,7631
7592,7632
7593,7633
7594,7634
7595,7635
7596,7636
7597,7637
7598,7638
7599,7639
7600,7640
7601,7641
7602,7642
7603,7643
7604,7644
7605,7645
7606,7646
7607,7647
7608,7648
7609,7649
7610,7650
7611,7651
7612,7652
7613,7653
7614,7654
7615,7655
7616,7656
7617,7657
7618,7658
7619,7659
7620,7660
7621,7661
7622,7662
7623,7663
7624,7664
7625,7665
7626,7666
7627,7667
7628,7668
7629,7669
7630,7670
7631,7671
7632,7672
7633,7673
7634,7674
7635,7675
7636,7676
7637,7677
7638,7678
7639,7679
7640,7680
7641,7681
7642,7682
7643,7683
7644,7684
7645,7685
7646,7686
7647,7687
7648,7688
7649,7689
7650,7690
7651,7691
7652,7692
7653,7693
7654,7694
7655,7695
7656,7696
7657,7697
7658,7698
7659,7699
7660,7700
7661,7701
7662,7702
7663,7703
7664,7704
7665,7705
7666,7706
7667,7707
7668,7708
7669,7709
7670,7710
7671,7711
7672,7712
7673,7713
7674,7714
7675,7715
7676,7716
7677,7717
7678,7718
7679,7719
7680,7720
7681,7721
7682,7722
7683,7723
7684,7724
7685,7725
7686,7726
7687,7727
7688,7728
7689,7729
7690,7730
7691,7731
7692,7732
7693,7733
7694,7734
7695,7735
7696,7736
7697,7737
7698,7738
7699,7739
7700,7740
7701,7741
7702,7742
7703,7743
7704,7744
7705,7745
7706,7746
7707,7747
7708,7748
7709,7749
7710,7750
7711,7751
7712,7752
7713,7753
7714,7754
7715,7755
7716,7756
7717,7757
7718,7758
7719,7759
7720,7760
7721,7761
7722,7762
7723,7763
7724,7764
7725,7765
7726,7766
7727,7767
7728,7768
7729,7769
7730,7770
7731,7771
7732,7772
7733,7773
7734,7774
7735,7775
7736,7776
7737,7777
7738,7778
7739,7779
7740,7780
7741,7781
7742,7782
7743,7783
7744,7784
7745,7785
7746,7786
7747,7787
7748,7788
7749,7789
7750,7790
7751,7791
7752,7792
7753,7793
7754,7794
7755,7795
7756,7796
7757,7797
7758,7798
7759,7799
7760,7800
7761,7801
7762,7802
7763,7803
7764,7804
7765,7805
7766,7806
7767,7807
7768,7808
7769,7809
7770,7810
7771,7811
7772,7812
7773,7813
7774,7814
7775,7815
7776,7816
7777,7817
7778,7818
7779,7819
7780,7820
7781,7821
7782,7822
7783,7823
7784,7824
7785,7825
7786,7826
7787,7827
7788,7828
7789,7829
7790,7830
7791,7831
7792,7832
7793,7833
7794,7834
7795,7835
7796,7836
7797,7837
7798,7838
7799,7839
7800,7840
7801,7841
7802,7842
7803,7843
7804,7844
7805,7845
7806,7846
7807,7847
7808,7848
7809,7849
7810,7850
7811,7851
7812,7852
7813,7853
7814,7854
7815,7855
7816,7856
7817,7857
7818,7858
7819,7859
7820,7860
7821,7861
7822,7862
7823,7863
7824,7864
7825,7865
7826,7866
7827,7867
7828,7868
7829,7869
7830,7870
7831,7871
7832,7872
7833,7873
7834,7874
7835,7875
7836,7876
7837,7877
7838,7878
7839,7879
7840,7880
7841,7881
7842,7882
7843,7883
7844,7884
7845,7885
7846,7886
7847,7887
7848,7888
7849,7889
7850,7890
7851,7891
7852,7892
7853,7893
7854,7894
7855,7895
7856,7896
7857,7897
7858,7898
7859,7899
7860,7900
7861,7901
7862,7902
7863,7903
7864,7904
7865,7905
7866,7906
7867,7907
7868,7908
7869,7909
7870,7910
7871,7911
7872,7912
7873,7913
7874,7914
7875,7915
7876,7916
7877,7917
7878,7918
7879,7919
7880,7920
7881,7921
7882,7922
7883,7923
7884,7924
7885,7925
7886,7926
7887,7927
7888,7928
7889,7929
7890,7930
7891,7931
7892,7932
7893,7933
7894,7934
7895,7935
7896,7936
7897,7937
7898,7938
7899,7939
7900,7940
7901,7941
7902,7942
7903,7943
7904,7944
7905,7945
7906,7946
7907,7947
7908,7948
7909,7949
7910,7950
7911,7951
7912,7952
7913,7953
7914,7954
7915,7955
7916,7956
7917,7957
7918,7958
7919,7959
7920,7960
7921,7961
7922,7962
7923,7963
7924,7964
7925,7965
7926,7966
7927,7967
7928,7968
7929,7969
7930,7970
7931,7971
7932,7972
7933,7973
7934,7974
7935,7975
7936,7976
7937,7977
7938,7978
7939,7979
7940,7980
7941,7981
7942,7982
7943,7983
7944,7984
7945,7985
7946,7986
7947,7987
7948,7988
7949,7989
7950,7990
7951,7991
7952,7992
7953,7993
7954,7994
7955,7995
7956,7996
7957,7997
7958,7998
7959,7999
7960,8000
7961,8001
7962,8002
7963,8003
7964,8004
7965,8005
7966,8006
7967,8007
7968,8008
7969,8009
7970,8010
7971,8011
7972,8012
7973,8013
7974,8014
7975,8015
7976,8016
7977,8017
7978,8018
7979,8019
7980,8020
7981,8021
7982,8022
7983,8023
7984,8024
7985,8025
7986,8026
7987,8027
7988,8028
7989,8029
7990,8030
7991,8031
7992,8032
7993,8033
7994,8034
7995,8035
7996,8036
7997,8037
7998,8038
7999,8039
8000,8040
8001,8041
8002,8042
8003,8043
8004,8044
8005,8045
8006,8046
8007,8047
8008,8048
8009,8049
8010,8050
8011,8051
8012,8052
8013,8053
8014,8054
8015,8055
8016,8056
8017,8057
8018,8058
8019,8059
8020,8060
8021,8061
8022,8062
8023,8063
8024,8064
8025,8065
8026,8066
8027,8067
8028,8068
8029,8069
8030,8070
8031,8071
8032,8072
8033,8073
8034,8074
8035,8075
8036,8076
8037,8077
8038,8078
8039,8079
8040,8080
8041,8081
8042,8082
8043,8083
8044,8084
8045,8085
8046,8086
8047,8087
8048,8088
8049,8089
8050,8090
8051,8091
8052,8092
8053,8093
8054,8094
8055,8095
8056,8096
8057,8097
8058,8098
8059,8099
8060,8100
8061,8101
8062,8102
8063,8103
8064,8104
8065,8105
8066,8106
8067,8107
8068,8108
8069,8109
8070,8110
8071,8111
8072,8112
8073,8113
8074,8114
8075,8115
8076,8116
8077,8117
8078,8118
8079,8119
8080,8120
8081,8121
8082,8122
8083,8123
8084,8124
8085,8125
8086,8126
8087,8127
8088,8128
8089,8129
8090,8130
8091,8131
8092,8132
8093,8133
8094,8134
8095,8135
8096,8136
8097,8137
8098,8138
8099,8139
8100,8140
8101,8141
8102,8142
8103,8143
8104,8144
8105,8145
8106,8146
8107,8147
8108,8148
8109,8149
8110,8150
8111,8151
8112,8152
8113,8153
8114,8154
8115,8155
8116,8156
8117,8157
8118,8158
8119,8159
8120,8160
8121,8161
8122,8162
8123,8163
8124,8164
8125,8165
8126,8166
8127,8167
8128,8168
8129,8169
8130,8170
8131,8171
8132,8172
8133,8173
8134,8174
8135,8175
8136,8176
8137,8177
8138,8178
8139,8179
8140,8180
8141,8181
8142,8182
8143,8183
8144,8184
8145,8185
8146,8186
8147,8187
8148,8188
8149,8189
8150,8190
8151,8191
8152,8192
8153,8193
8154,8194
8155,8195
8156,8196
8157,8197
8158,8198
8159,8199
8160,8200
8161,8201
8162,8202
8163,8203
8164,8204
8165,8205
8166,8206
8167,8207
8168,8208
8169,8209
8170,8210
8171,8211
8172,8212
8173,8213
8174,8214
8175,8215
8176,8216
8177,8217
8178,8218
8179,8219
8180,8220
8181,8221
8182,8222
8183,8223
8184,8224
8185,8225
8186,8226
8187,8227
8188,8228
8189,8229
8190,8230
8191,8231
8192,8232
8193,8233
8194,8234
8195,8235
8196,8236
8197,8237
8198,8238
8199,8239
8200,8240
8201,8241
8202,8242
8203,8243
8204,8244
8205,8245
8206,8246
8207,8247
8208,8248
8209,8249
8210,8250
8211,8251
8212,8252
8213,8253
8214,8254
8215,8255
8216,8256
8217,8257
8218,8258
8219,8259
8220,8260
8221,8261
8222,8262
8223,8263
8224,8264
8225,8265
8226,8266
8227,8267
8228,8268
8229,8269
8230,8270
8231,8271
8232,8272
8233,8273
8234,8274
8235,8275
8236,8276
8237,8277
8238,8278
8239,8279
8240,8280
8241,8281
8242,8282
8243,8283
8244,8284
8245,8285
8246,8286
8247,8287
8248,8288
8249,8289
8250,8290
8251,8291
8252,8292
8253,8293
8254,8294
8255,8295
8256,8296
8257,8297
8258,8298
8259,8299
8260,8300
8261,8301
8262,8302
8263,8303
8264,8304
8265,8305
8266,8306
8267,8307
8268,8308
8269,8309
8270,8310
8271,8311
8272,8312
8273,8313
8274,8314
8275,8315
8276,8316
8277,8317
8278,8318
8279,8319
8280,8320
8281,8321
8282,8322
8283,8323
8284,8324
8285,8325
8286,8326
8287,8327
8288,8328
8289,8329
8290,8330
8291,8331
8292,8332
8293,8333
8294,8334
8295,8335
8296,8336
8297,8337
8298,8338
8299,8339
8300,8340
8301,8341
8302,8342
8303,8343
8304,8344
8305,8345
8306,8346
8307,8347
8308,8348
8309,8349
8310,8350
8311,8351
8312,8352
8313,8353
8314,8354
8315,8355
8316,8356
8317,8357
8318,8358
8319,8359
8320,8360
8321,8361
8322,8362
8323,8363
8324,8364
8325,8365
8326,8366
8327,8367
8328,8368
8329,8369
8330,8370
8331,8371
8332,8372
8333,8373
8334,8374
8335,8375
8336,8376
8337,8377
8338,8378
8339,8379
8340,8380
8341,8381
8342,8382
8343,8383
8344,8384
8345,8385
8346,8386
8347,8387
8348,8388
8349,8389
8350,8390
8351,8391
8352,8392
8353,8393
8354,8394
8355,8395
8356,8396
8357,8397
8358,8398
8359,8399
8360,8400
8361,8401
8362,8402
8363,8403
8364,8404
8365,8405
8366,8406
8367,8407
8368,8408
8369,8409
8370,8410
8371,8411
8372,8412
8373,8413
8374,8414
8375,8415
8376,8416
8377,8417
8378,8418
8379,8419
8380,8420
8381,8421
8382,8422
8383,8423
8384,8424
8385,8425
8386,8426
8387,8427
8388,8428
8389,8429
8390,8430
8391,8431
8392,8432
8393,8433
8394,8434
8395,8435
8396,8436
8397,8437
8398,8438
8399,8439
8400,8440
8401,8441
8402,8442
8403,8443
8404,8444
8405,8445
8406,8446
8407,8447
8408,8448
8409,8449
8410,8450
8411,8451
8412,8452
8413,8453
8414,8454
8415,8455
8416,8456
8417,8457
8418,8458
8419,8459
8420,8460
8421,8461
8422,8462
8423,8463
8424,8464
8425,8465
8426,8466
8427,8467
8428,8468
8429,8469
8430,8470
8431,8471
8432,8472
8433,8473
8434,8474
8435,8475
8436,8476
8437,8477
8438,8478
8439,8479
8440,8480
8441,8481
8442,8482
8443,8483
8444,8484
8445,8485
8446,8486
8447,8487
8448,8488
8449,8489
8450,8490
8451,8491
8452,8492
8453,8493
8454,8494
8455,8495
8456,8496
8457,8497
8458,8498
8459,8499
8460,8500
8461,8501
8462,8502
8463,8503
8464,8504
8465,8505
8466,8506
8467,8507
8468,8508
8469,8509
8470,8510
8471,8511
8472,8512
8473,8513
8474,8514
8475,8515
8476,8516
8477,8517
8478,8518
8479,8519
8480,8520
8481,8521
8482,8522
8483,8523
8484,8524
8485,8525
8486,8526
8487,8527
8488,8528
8489,8529
8490,8530
8491,8531
8492,8532
8493,8533
8494,8534
8495,8535
8496,8536
8497,8537
8498,8538
8499,8539
8500,8540
8501,8541
8502,8542
8503,8543
8504,8544
8505,8545
8506,8546
8507,8547
8508,8548
8509,8549
8510,8550
8511,8551
8512,8552
8513,8553
8514,8554
8515,8555
8516,8556
8517,8557
8518,8558
8519,8559
8520,8560
8521,8561
8522,8562
8523,8563
8524,8564
8525,8565
8526,8566
8527,8567
8528,8568
8529,8569
8530,8570
8531,8571
8532,8572
8533,8573
8534,8574
8535,8575
8536,8576
8537,8577
8538,8578
8539,8579
8540,8580
8541,8581
8542,8582
8543,8583
8544,8584
8545,8585
8546,8586
8547,8587
8548,8588
8549,8589
8550,8590
8551,8591
8552,8592
8553,8593
8554,8594
8555,8595
8556,8596
8557,8597
8558,8598
8559,8599
8560,8600
8561,8601
8562,8602
8563,8603
8564,8604
8565,8605
8566,8606
8567,8607
8568,8608
8569,8609
8570,8610
8571,8611
8572,8612
8573,8613
8574,8614
8575,8615
8576,8616
8577,8617
8578,8618
8579,8619
8580,8620
8581,8621
8582,8622
8583,8623
8584,8624
8585,8625
8586,8626
8587,8627
8588,8628
8589,8629
8590,8630
8591,8631
8592,8632
8593,8633
8594,8634
8595,8635
8596,8636
8597,8637
8598,8638
8599,8639
8600,8640
8601,8641
8602,8642
8603,8643
8604,8644
8605,8645
8606,8646
8607,8647
8608,8648
8609,8649
8610,8650
8611,8651
8612,8652
8613,8653
8614,8654
8615,8655
8616,8656
8617,8657
8618,8658
8619,8659
8620,8660
8621,8661
8622,8662
8623,8663
8624,8664
8625,8665
8626,8666
8627,8667
8628,8668
8629,8669
8630,8670
8631,8671
8632,8672
8633,8673
8634,8674
8635,8675
8636,8676
8637,8677
8638,8678
8639,8679
8640,8680
8641,8681
8642,8682
8643,8683
8644,8684
8645,8685
8646,8686
8647,8687
8648,8688
8649,8689
8650,8690
8651,8691
8652,8692
8653,8693
8654,8694
8655,8695
8656,8696
8657,8697
8658,8698
8659,8699
8660,8700
8661,8701
8662,8702
8663,8703
8664,8704
8665,8705
8666,8706
8667,8707
8668,8708
8669,8709
8670,8710
8671,8711
8672,8712
8673,8713
8674,8714
8675,8715
8676,8716
8677,8717
8678,8718
8679,8719
8680,8720
8681,8721
8682,8722
8683,8723
8684,8724
8685,8725
8686,8726
8687,8727
8688,8728
8689,8729
8690,8730
8691,8731
8692,8732
8693,8733
8694,8734
8695,8735
8696,8736
8697,8737
8698,8738
8699,8739
8700,8740
8701,8741
8702,8742
8703,8743
8704,8744
8705,8745
8706,8746
8707,8747
8708,8748
8709,8749
8710,8750
8711,8751
8712,8752
8713,8753
8714,8754
8715,8755
8716,8756
8717,8757
8718,8758
8719,8759
8720,8760
8721,8761
8722,8762
8723,8763
8724,8764
8725,8765
8726,8766
8727,8767
8728,8768
8729,8769
8730,8770
8731,8771
8732,8772
8733,8773
8734,8774
8735,8775
8736,8776
8737,8777
8738,8778
8739,8779
8740,8780
8741,8781
8742,8782
8743,8783
8744,8784
8745,8785
8746,8786
8747,8787
8748,8788
8749,8789
8750,8790
8751,8791
8752,8792
8753,8793
8754,8794
8755,8795
8756,8796
8757,8797
8758,8798
8759,8799
8760,8800
8761,8801
8762,8802
8763,8803
8764,8804
8765,8805
8766,8806
8767,8807
8768,8808
8769,8809
8770,8810
8771,8811
8772,8812
8773,8813
8774,8814
8775,8815
8776,8816
8777,8817
8778,8818
8779,8819
8780,8820
8781,8821
8782,8822
8783,8823
8784,8824
8785,8825
8786,8826
8787,8827
8788,8828
8789,8829
8790,8830
8791,8831
8792,8832
8793,8833
8794,8834
8795,8835
8796,8836
8797,8837
8798,8838
8799,8839
8800,8840
8801,8841
8802,8842
8803,8843
8804,8844
8805,8845
8806,8846
8807,8847
8808,8848
8809,8849
8810,8850
8811,8851
8812,8852
8813,8853
8814,8854
8815,8855
8816,8856
8817,8857
8818,8858
8819,8859
8820,8860
8821,8861
8822,8862
8823,8863
8824,8864
8825,8865
8826,8866
8827,8867
8828,8868
8829,8869
8830,8870
8831,8871
8832,8872
8833,8873
8834,8874
8835,8875
8836,8876
8837,8877
8838,8878
8839,8879
8840,8880
8841,8881
8842,8882
8843,8883
8844,8884
8845,8885
8846,8886
8847,8887
8848,8888
8849,8889
8850,8890
8851,8891
8852,8892
8853,8893
8854,8894
8855,8895
8856,8896
8857,8897
8858,8898
8859,8899
8860,8900
8861,8901
8862,8902
8863,8903
8864,8904
8865,8905
8866,8906
8867,8907
8868,8908
8869,8909
8870,8910
8871,8911
8872,8912
8873,8913
8874,8914
8875,8915
8876,8916
8877,8917
8878,8918
8879,8919
8880,8920
8881,8921
8882,8922
8883,8923
8884,8924
8885,8925
8886,8926
8887,8927
8888,8928
8889,8929
8890,8930
8891,8931
8892,8932
8893,8933
8894,8934
8895,8935
8896,8936
8897,8937
8898,8938
8899,8939
8900,8940
8901,8941
8902,8942
8903,8943
8904,8944
8905,8945
8906,8946
8907,8947
8908,8948
8909,8949
8910,8950
8911,8951
8912,8952
8913,8953
8914,8954
8915,8955
8916,8956
8917,8957
8918,8958
8919,8959
8920,8960
8921,8961
8922,8962
8923,8963
8924,8964
8925,8965
8926,8966
8927,8967
8928,8968
8929,8969
8930,8970
8931,8971
8932,8972
8933,8973
8934,8974
8935,8975
8936,8976
8937,8977
8938,8978
8939,8979
8940,8980
8941,8981
8942,8982
8943,8983
8944,8984
8945,8985
8946,8986
8947,8987
8948,8988
8949,8989
8950,8990
8951,8991
8952,8992
8953,8993
8954,8994
8955,8995
8956,8996
8957,8997
8958,8998
8959,8999
8960,9000
8961,9001
8962,9002
8963,9003
8964,9004
8965,9005
8966,9006
8967,9007
8968,9008
8969,9009
8970,9010
8971,9011
8972,9012
8973,9013
8974,9014
8975,9015
8976,9016
8977,9017
8978,9018
8979,9019
8980,9020
8981,9021
8982,9022
8983,9023
8984,9024
8985,9025
8986,9026
8987,9027
8988,9028
8989,9029
8990,9030
8991,9031
8992,9032
8993,9033
8994,9034
8995,9035
8996,9036
8997,9037
8998,9038
8999,9039
9000,9040
9001,9041
9002,9042
9003,9043
9004,9044
9005,9045
9006,9046
9007,9047
9008,9048
9009,9049
9010,9050
9011,9051
9012,9052
9013,9053
9014,9054
9015,9055
9016,9056
9017,9057
9018,9058
9019,9059
9020,9060
9021,9061
9022,9062
9023,9063
9024,9064
9025,9065
9026,9066
9027,9067
9028,9068
9029,9069
9030,9070
9031,9071
9032,9072
9033,9073
9034,9074
9035,9075
9036,9076
9037,9077
9038,9078
9039,9079
9040,9080
9041,9081
9042,9082
9043,9083
9044,9084
9045,9085
9046,9086
9047,9087
9048,9088
9049,9089
9050,9090
9051,9091
9052,9092
9053,9093
9054,9094
9055,9095
9056,9096
9057,9097
9058,9098
9059,9099
9060,9100
9061,9101
9062,9102
9063,9103
9064,9104
9065,9105
9066,9106
9067,9107
9068,9108
9069,9109
9070,9110
9071,9111
9072,9112
9073,9113
9074,9114
9075,9115
9076,9116
9077,9117
9078,9118
9079,9119
9080,9120
9081,9121
9082,9122
9083,9123
9084,9124
9085,9125
9086,9126
9087,9127
9088,9128
9089,9129
9090,9130
9091,9131
9092,9132
9093,9133
9094,9134
9095,9135
9096,9136
9097,9137
9098,9138
9099,9139
9100,9140
9101,9141
9102,9142
9103,9143
9104,9144
9105,9145
9106,9146
9107,9147
9108,9148
9109,9149
9110,9150
9111,9151
9112,9152
9113,9153
9114,9154
9115,9155
9116,9156
9117,9157
9118,9158
9119,9159
9120,9160
9121,9161
9122,9162
9123,9163
9124,9164
9125,9165
9126,9166
9127,9167
9128,9168
9129,9169
9130,9170
9131,9171
9132,9172
9133,9173
9134,9174
9135,9175
9136,9176
9137,9177
9138,9178
9139,9179
9140,9180
9141,9181
9142,9182
9143,9183
9144,9184
9145,9185
9146,9186
9147,9187
9148,9188
9149,9189
9150,9190
9151,9191
9152,9192
9153,9193
9154,9194
9155,9195
9156,9196
9157,9197
9158,9198
9159,9199
9160,9200
9161,9201
9162,9202
9163,9203
9164,9204
9165,9205
9166,9206
9167,9207
9168,9208
9169,9209
9170,9210
9171,9211
9172,9212
9173,9213
9174,9214
9175,9215
9176,9216
9177,9217
9178,9218
9179,9219
9180,9220
9181,9221
9182,9222
9183,9223
9184,9224
9185,9225
9186,9226
9187,9227
9188,9228
9189,9229
9190,9230
9191,9231
9192,9232
9193,9233
9194,9234
9195,9235
9196,9236
9197,9237
9198,9238
9199,9239
9200,9240
9201,9241
9202,9242
9203,9243
9204,9244
9205,9245
9206,9246
9207,9247
9208,9248
9209,9249
9210,9250
9211,9251
9212,9252
9213,9253
9214,9254
9215,9255
9216,9256
9217,9257
9218,9258
9219,9259
9220,9260
9221,9261
9222,9262
9223,9263
9224,9264
9225,9265
9226,9266
9227,9267
9228,9268
9229,9269
9230,9270
9231,9271
9232,9272
9233,9273
9234,9274
9235,9275
9236,9276
9237,9277
9238,9278
9239,9279
9240,9280
9241,9281
9242,9282
9243,9283
9244,9284
9245,9285
9246,9286
9247,9287
9248,9288
9249,9289
9250,9290
9251,9291
9252,9292
9253,9293
9254,9294
9255,9295
9256,9296
9257,9297
9258,9298
9259,9299
9260,9300
9261,9301
9262,9302
9263,9303
9264,9304
9265,9305
9266,9306
9267,9307
9268,9308
9269,9309
9270,9310
9271,9311
9272,9312
9273,9313
9274,9314
9275,9315
9276,9316
9277,9317
9278,9318
9279,9319
9280,9320
9281,9321
9282,9322
9283,9323
9284,9324
9285,9325
9286,9326
9287,9327
9288,9328
9289,9329
9290,9330
9291,9331
9292,9332
9293,9333
9294,9334
9295,9335
9296,9336
9297,9337
9298,9338
9299,9339
9300,9340
9301,9341
9302,9342
9303,9343
9304,9344
9305,9345
9306,9346
9307,9347
9308,9348
9309,9349
9310,9350
9311,9351
9312,9352
9313,9353
9314,9354
9315,9355
9316,9356
9317,9357
9318,9358
9319,9359
9320,9360
9321,9361
9322,9362
9323,9363
9324,9364
9325,9365
9326,9366
9327,9367
9328,9368
9329,9369
9330,9370
9331,9371
9332,9372
9333,9373
9334,9374
9335,9375
9336,9376
9337,9377
9338,9378
9339,9379
9340,9380
9341,9381
9342,9382
9343,9383
9344,9384
9345,9385
9346,9386
9347,9387
9348,9388
9349,9389
9350,9390
9351,9391
9352,9392
9353,9393
9354,9394
9355,9395
9356,9396
9357,9397
9358,9398
9359,9399
9360,9400
9361,9401
9362,9402
9363,9403
9364,9404
9365,9405
9366,9406
9367,9407
9368,9408
9369,9409
9370,9410
9371,9411
9372,9412
9373,9413
9374,9414
9375,9415
9376,9416
9377,9417
9378,9418
9379,9419
9380,9420
9381,9421
9382,9422
9383,9423
9384,9424
9385,9425
9386,9426
9387,9427
9388,9428
9389,9429
9390,9430
9391,9431
9392,9432
9393,9433
9394,9434
9395,9435
9396,9436
9397,9437
9398,9438
9399,9439
9400,9440
9401,9441
9402,9442
9403,9443
9404,9444
9405,9445
9406,9446
9407,9447
9408,9448
9409,9449
9410,9450
9411,9451
9412,9452
9413,9453
9414,9454
9415,9455
9416,9456
9417,9457
9418,9458
9419,9459
9420,9460
9421,9461
9422,9462
9423,9463
9424,9464
9425,9465
9426,9466
9427,9467
9428,9468
9429,9469
9430,9470
9431,9471
9432,9472
9433,9473
9434,9474
9435,9475
9436,9476
9437,9477
9438,9478
9439,9479
9440,9480
9441,9481
9442,9482
9443,9483
9444,9484
9445,9485
9446,9486
9447,9487
9448,9488
9449,9489
9450,9490
9451,9491
9452,9492
9453,9493
9454,9494
9455,9495
9456,9496
9457,9497
9458,9498
9459,9499
9460,9500
9461,9501
9462,9502
9463,9503
9464,9504
9465,9505
9466,9506
9467,9507
9468,9508
9469,9509
9470,9510
9471,9511
9472,9512
9473,9513
9474,9514
9475,9515
9476,9516
9477,9517
9478,9518
9479,9519
9480,9520
9481,9521
9482,9522
9483,9523
9484,9524
9485,9525
9486,9526
9487,9527
9488,9528
9489,9529
9490,9530
9491,9531
9492,9532
9493,9533
9494,9534
9495,9535
9496,9536
9497,9537
9498,9538
9499,9539
9500,9540
9501,9541
9502,9542
9503,9543
9504,9544
9505,9545
9506,9546
9507,9547
9508,9548
9509,9549
9510,9550
9511,9551
9512,9552
9513,9553
9514,9554
9515,9555
9516,9556
9517,9557
9518,9558
9519,9559
9520,9560
9521,9561
9522,9562
9523,9563
9524,9564
9525,9565
9526,9566
9527,9567
9528,9568
9529,9569
9530,9570
9531,9571
9532,9572
9533,9573
9534,9574
9535,9575
9536,9576
9537,9577
9538,9578
9539,9579
9540,9580
9541,9581
9542,9582
9543,9583
9544,9584
9545,9585
9546,9586
9547,9587
9548,9588
9549,9589
9550,9590
9551,9591
9552,9592
9553,9593
9554,9594
9555,9595
9556,9596
9557,9597
9558,9598
9559,9599
9560,9600
9561,9601
9562,9602
9563,9603
9564,9604
9565,9605
9566,9606
9567,9607
9568,9608
9569,9609
9570,9610
9571,9611
9572,9612
9573,9613
9574,9614
9575,9615
9576,9616
9577,9617
9578,9618
9579,9619
9580,9620
9581,9621
9582,9622
9583,9623
9584,9624
9585,9625
9586,9626
9587,9627
9588,9628
9589,9629
9590,9630
9591,9631
9592,9632
9593,9633
9594,9634
9595,9635
9596,9636
9597,9637
9598,9638
9599,9639
9600,9640
9601,9641
9602,9642
9603,9643
9604,9644
9605,9645
9606,9646
9607,9647
9608,9648
9609,9649
9610,9650
9611,9651
9612,9652
9613,9653
9614,9654
9615,9655
9616,9656
9617,9657
9618,9658
9619,9659
9620,9660
9621,9661
9622,9662
9623,9663
9624,9664
9625,9665
9626,9666
9627,9667
9628,9668
9629,9669
9630,9670
9631,9671
9632,9672
9633,9673
9634,9674
9635,9675
9636,9676
9637,9677
9638,9678
9639,9679
9640,9680
9641,9681
9642,9682
9643,9683
9644,9684
9645,9685
9646,9686
9647,9687
9648,9688
9649,9689
9650,9690
9651,9691
9652,9692
9653,9693
9654,9694
9655,9695
9656,9696
9657,9697
9658,9698
9659,9699
9660,9700
9661,9701
9662,9702
9663,9703
9664,9704
9665,9705
9666,9706
9667,9707
9668,9708
9669,9709
9670,9710
9671,9711
9672,9712
9673,9713
9674,9714
9675,9715
9676,9716
9677,9717
9678,9718
9679,9719
9680,9720
9681,9721
9682,9722
9683,9723
9684,9724
9685,9725
9686,9726
9687,9727
9688,9728
9689,9729
9690,9730
9691,9731
9692,9732
9693,9733
9694,9734
9695,9735
9696,9736
9697,9737
9698,9738
9699,9739
9700,9740
9701,9741
9702,9742
9703,9743
9704,9744
9705,9745
9706,9746
9707,9747
9708,9748
9709,9749
9710,9750
9711,9751
9712,9752
9713,9753
9714,9754
9715,9755
9716,9756
9717,9757
9718,9758
9719,9759
9720,9760
9721,9761
9722,9762
9723,9763
9724,9764
9725,9765
9726,9766
9727,9767
9728,9768
9729,9769
9730,9770
9731,9771
9732,9772
9733,9773
9734,9774
9735,9775
9736,9776
9737,9777
9738,9778
9739,9779
9740,9780
9741,9781
9742,9782
9743,9783
9744,9784
9745,9785
9746,9786
9747,9787
9748,9788
9749,9789
9750,9790
9751,9791
9752,9792
9753,9793
9754,9794
9755,9795
9756,9796
9757,9797
9758,9798
9759,9799
9760,9800
9761,9801
9762,9802
9763,9803
9764,9804
9765,9805
9766,9806
9767,9807
9768,9808
9769,9809
9770,9810
9771,9811
9772,9812
9773,9813
9774,9814
9775,9815
9776,9816
9777,9817
9778,9818
9779,9819
9780,9820
9781,9821
9782,9822
9783,9823
9784,9824
9785,9825
9786,9826
9787,9827
9788,9828
9789,9829
9790,9830
9791,9831
9792,9832
9793,9833
9794,9834
9795,9835
9796,9836
9797,9837
9798,9838
9799,9839
9800,9840
9801,9841
9802,9842
9803,9843
9804,9844
9805,9845
9806,9846
9807,9847
9808,9848
9809,9849
9810,9850
9811,9851
9812,9852
9813,9853
9814,9854
9815,9855
9816,9856
9817,9857
9818,9858
9819,9859
9820,9860
9821,9861
9822,9862
9823,9863
9824,9864
9825,9865
9826,9866
9827,9867
9828,9868
9829,9869
9830,9870
9831,9871
9832,9872
9833,9873
9834,9874
9835,9875
9836,9876
9837,9877
9838,9878
9839,9879
9840,9880
9841,9881
9842,9882
9843,9883
9844,9884
9845,9885
9846,9886
9847,9887
9848,9888
9849,9889
9850,9890
9851,9891
9852,9892
9853,9893
9854,9894
9855,9895
9856,9896
9857,9897
9858,9898
9859,9899
9860,9900
9861,9901
9862,9902
9863,9903
9864,9904
9865,9905
9866,9906
9867,9907
9868,9908
9869,9909
9870,9910
9871,9911
9872,9912
9873,9913
9874,9914
9875,9915
9876,9916
9877,9917
9878,9918
9879,9919
9880,9920
9881,9921
9882,9922
9883,9923
9884,9924
9885,9925
9886,9926
9887,9927
9888,9928
9889,9929
9890,9930
9891,9931
9892,9932
9893,9933
9894,9934
9895,9935
9896,9936
9897,9937
9898,9938
9899,9939
9900,9940
9901,9941
9902,9942
9903,9943
9904,9944
9905,9945
9906,9946
9907,9947
9908,9948
9909,9949
9910,9950
9911,9951
9912,9952
9913,9953
9914,9954
9915,9955
9916,9956
9917,9957
9918,9958
9919,9959
9920,9960
9921,9961
9922,9962
9923,9963
9924,9964
9925,9965
9926,9966
9927,9967
9928,9968
9929,9969
9930,9970
9931,9971
9932,9972
9933,9973
9934,9974
9935,9975
9936,9976
9937,9977
9938,9978
9939,9979
9940,9980
9941,9981
9942,9982
9943,9983
9944,9984
9945,9985
9946,9986
9947,9987
9948,9988
9949,9989
9950,9990
9951,9991
9952,9992
9953,9993
9954,9994
9955,9995
9956,9996
9957,9997
9958,9998
9959,9999
9960,10000
9961,10001
9962,10002
9963,10003
9964,10004
9965,10005
9966,10006
9967,10007
9968,10008
9969,10009
9970,10010
9971,10011
9972,10012
9973,10013
9974,10014
9975,10015
9976,10016
9977,10017
9978,10018
9979,10019
9980,10020
9981,10021
9982,10022
9983,10023
9984,10024
9985,10025
9986,10026
9987,10027
9988,10028
9989,10029
9990,10030
9991,10031
9992,10032
9993,10033
9994,10034
9995,10035
9996,10036
9997,10037
9998,10038
9999,10039
10000,10040
10001,10041
10002,10042
10003,10043
10004,10044
10005,10045
10006,10046
10007,10047
10008,10048
10009,10049
10010,10050
10011,10051
10012,10052
10013,10053
10014,10054
10015,10055
10016,10056
10017,10057
10018,10058
10019,10059
10020,10060
10021,10061
10022,10062
10023,10063
10024,10064
10025,10065
10026,10066
10027,10067
10028,10068
10029,10069
10030,10070
10031,10071
10032,10072
10033,10073
10034,10074
10035,10075
10036,10076
10037,10077
10038,10078
10039,10079
10040,10080
10041,10081
10042,10082
10043,10083
10044,10084
10045,10085
10046,10086
10047,10087
10048,10088
10049,10089
10050,10090
10051,10091
10052,10092
10053,10093
10054,10094
10055,10095
10056,10096
10057,10097
10058,10098